<?xml version="1.0" ?>
<questestinterop xmlns="http://www.imsglobal.org/xsd/ims_qtiasiv1p2">
  <assessment ident="quiz13_2ac821c1" title="Quiz 13: Course Integration">
    <qtimetadata>
      <qtimetadatafield>
        <fieldlabel>qmd_timelimit</fieldlabel>
        <fieldentry/>
      </qtimetadatafield>
      <qtimetadatafield>
        <fieldlabel>cc_maxattempts</fieldlabel>
        <fieldentry>1</fieldentry>
      </qtimetadatafield>
    </qtimetadata>
    <section ident="section_quiz13_2ac821c1">
      <item ident="q1_a04633e8" title="Question 1">
        <itemmetadata>
          <qtimetadata>
            <qtimetadatafield>
              <fieldlabel>question_type</fieldlabel>
              <fieldentry>multiple_choice_question</fieldentry>
            </qtimetadatafield>
            <qtimetadatafield>
              <fieldlabel>points_possible</fieldlabel>
              <fieldentry>10</fieldentry>
            </qtimetadatafield>
            <qtimetadatafield>
              <fieldlabel>assessment_question_identifierref</fieldlabel>
              <fieldentry>q1_a04633e8</fieldentry>
            </qtimetadatafield>
          </qtimetadata>
        </itemmetadata>
        <presentation>
          <material>
            <mattext texttype="text/html">&lt;p&gt;Across the films we studied (The Machinist, Identity, Fight Club, Rain Man, K-PAX, Leaving Las Vegas, Nuremberg, Wind River), which psychological theme appeared most consistently?&lt;/p&gt;</mattext>
          </material>
          <response_lid ident="response_q1_a04633e8" rcardinality="Single">
            <render_choice>
              <response_label ident="A">
                <material>
                  <mattext texttype="text/html">&lt;p&gt;Genetic determination of behavior&lt;/p&gt;</mattext>
                </material>
              </response_label>
              <response_label ident="B">
                <material>
                  <mattext texttype="text/html">&lt;p&gt;Identity fragmentation or distortion - whether through dissociation, delusion, trauma, or institutional dehumanization&lt;/p&gt;</mattext>
                </material>
              </response_label>
              <response_label ident="C">
                <material>
                  <mattext texttype="text/html">&lt;p&gt;Financial motivation for all actions&lt;/p&gt;</mattext>
                </material>
              </response_label>
              <response_label ident="D">
                <material>
                  <mattext texttype="text/html">&lt;p&gt;Random chance determining outcomes&lt;/p&gt;</mattext>
                </material>
              </response_label>
            </render_choice>
          </response_lid>
        </presentation>
        <resprocessing>
          <outcomes>
            <decvar maxvalue="100" minvalue="0" varname="SCORE" vartype="Decimal"/>
          </outcomes>
          <respcondition continue="No">
            <conditionvar>
              <varequal respident="response_q1_a04633e8">B</varequal>
            </conditionvar>
            <setvar action="Set" varname="SCORE">100</setvar>
          </respcondition>
        </resprocessing>
        <itemfeedback ident="correct_fb_q1_a04633e8">
          <flow_mat>
            <material>
              <mattext texttype="text/html">&lt;p&gt;&lt;strong&gt;Correct!&lt;/strong&gt;&lt;/p&gt;&lt;p&gt;Across all eight films, identity disturbance is the central theme:
- The Machinist: Trevor creates Ivan to fragment guilty self
- Identity: Malcolm&amp;#39;s personality fragmentation
- Fight Club: Narrator/Tyler dissociation
- Rain Man: Raymond&amp;#39;s autism affecting identity/connection
- K-PAX: Prot&amp;#39;s possible trauma-induced identity
- Leaving Las Vegas: Ben&amp;#39;s dissolved identity through alcoholism
- Nuremberg: How ideology fragments moral identity
- Wind River: Natalie&amp;#39;s dehumanization; institutional erasure of Indigenous identity&lt;/p&gt;</mattext>
            </material>
          </flow_mat>
        </itemfeedback>
        <itemfeedback ident="incorrect_fb_q1_a04633e8">
          <flow_mat>
            <material>
              <mattext texttype="text/html">&lt;p&gt;&lt;strong&gt;The correct answer is B.&lt;/strong&gt;&lt;/p&gt;&lt;p&gt;Across all eight films, identity disturbance is the central theme:
- The Machinist: Trevor creates Ivan to fragment guilty self
- Identity: Malcolm&amp;#39;s personality fragmentation
- Fight Club: Narrator/Tyler dissociation
- Rain Man: Raymond&amp;#39;s autism affecting identity/connection
- K-PAX: Prot&amp;#39;s possible trauma-induced identity
- Leaving Las Vegas: Ben&amp;#39;s dissolved identity through alcoholism
- Nuremberg: How ideology fragments moral identity
- Wind River: Natalie&amp;#39;s dehumanization; institutional erasure of Indigenous identity&lt;/p&gt;&lt;p&gt;&lt;strong&gt;Why other answers are incorrect:&lt;/strong&gt;&lt;/p&gt;&lt;ul&gt;&lt;li&gt;&lt;strong&gt;A:&lt;/strong&gt; Genetics rarely discussed; psychological and social factors predominate.&lt;/li&gt;&lt;li&gt;&lt;strong&gt;C:&lt;/strong&gt; While present in some films, not the central theme.&lt;/li&gt;&lt;li&gt;&lt;strong&gt;D:&lt;/strong&gt; Films show meaningful psychological causation, not randomness.&lt;/li&gt;&lt;/ul&gt;</mattext>
            </material>
          </flow_mat>
        </itemfeedback>
      </item>
      <item ident="q2_fed33d7c" title="Question 2">
        <itemmetadata>
          <qtimetadata>
            <qtimetadatafield>
              <fieldlabel>question_type</fieldlabel>
              <fieldentry>multiple_choice_question</fieldentry>
            </qtimetadatafield>
            <qtimetadatafield>
              <fieldlabel>points_possible</fieldlabel>
              <fieldentry>10</fieldentry>
            </qtimetadatafield>
            <qtimetadatafield>
              <fieldlabel>assessment_question_identifierref</fieldlabel>
              <fieldentry>q2_fed33d7c</fieldentry>
            </qtimetadatafield>
          </qtimetadata>
        </itemmetadata>
        <presentation>
          <material>
            <mattext texttype="text/html">&lt;p&gt;According to emotion differentiation research (Kashdan et al., 2015; Kalokerinos et al., 2019), which character demonstrated the MOST impaired emotion differentiation?&lt;/p&gt;</mattext>
          </material>
          <response_lid ident="response_q2_fed33d7c" rcardinality="Single">
            <render_choice>
              <response_label ident="A">
                <material>
                  <mattext texttype="text/html">&lt;p&gt;Raymond Babbitt (followed clear routines)&lt;/p&gt;</mattext>
                </material>
              </response_label>
              <response_label ident="B">
                <material>
                  <mattext texttype="text/html">&lt;p&gt;Ben Ferencz (channeled grief into purpose)&lt;/p&gt;</mattext>
                </material>
              </response_label>
              <response_label ident="C">
                <material>
                  <mattext texttype="text/html">&lt;p&gt;Trevor Reznik (could not identify the source of overwhelming distress, leading to complete reality distortion)&lt;/p&gt;</mattext>
                </material>
              </response_label>
              <response_label ident="D">
                <material>
                  <mattext texttype="text/html">&lt;p&gt;Prot (maintained consistent alternative identity)&lt;/p&gt;</mattext>
                </material>
              </response_label>
            </render_choice>
          </response_lid>
        </presentation>
        <resprocessing>
          <outcomes>
            <decvar maxvalue="100" minvalue="0" varname="SCORE" vartype="Decimal"/>
          </outcomes>
          <respcondition continue="No">
            <conditionvar>
              <varequal respident="response_q2_fed33d7c">C</varequal>
            </conditionvar>
            <setvar action="Set" varname="SCORE">100</setvar>
          </respcondition>
        </resprocessing>
        <itemfeedback ident="correct_fb_q2_fed33d7c">
          <flow_mat>
            <material>
              <mattext texttype="text/html">&lt;p&gt;&lt;strong&gt;Correct!&lt;/strong&gt;&lt;/p&gt;&lt;p&gt;Kalokerinos et al.&amp;#39;s research shows low differentiators struggle to identify what they&amp;#39;re feeling and show ineffective regulation. Trevor exemplifies this: he experiences overwhelming negative affect but cannot identify its source (guilt about the hit-and-run). This undifferentiated distress led to maladaptive regulation (insomnia, delusion, projection). He literally cannot tell what he&amp;#39;s feeling, which is why he creates Ivan - a concrete, external &amp;quot;cause&amp;quot; for his nameless distress.&lt;/p&gt;</mattext>
            </material>
          </flow_mat>
        </itemfeedback>
        <itemfeedback ident="incorrect_fb_q2_fed33d7c">
          <flow_mat>
            <material>
              <mattext texttype="text/html">&lt;p&gt;&lt;strong&gt;The correct answer is C.&lt;/strong&gt;&lt;/p&gt;&lt;p&gt;Kalokerinos et al.&amp;#39;s research shows low differentiators struggle to identify what they&amp;#39;re feeling and show ineffective regulation. Trevor exemplifies this: he experiences overwhelming negative affect but cannot identify its source (guilt about the hit-and-run). This undifferentiated distress led to maladaptive regulation (insomnia, delusion, projection). He literally cannot tell what he&amp;#39;s feeling, which is why he creates Ivan - a concrete, external &amp;quot;cause&amp;quot; for his nameless distress.&lt;/p&gt;&lt;p&gt;&lt;strong&gt;Why other answers are incorrect:&lt;/strong&gt;&lt;/p&gt;&lt;ul&gt;&lt;li&gt;&lt;strong&gt;A:&lt;/strong&gt; Raymond&amp;#39;s routines suggest functional regulation, even if atypical.&lt;/li&gt;&lt;li&gt;&lt;strong&gt;B:&lt;/strong&gt; He successfully channeled specific emotion (grief, outrage) into purpose.&lt;/li&gt;&lt;li&gt;&lt;strong&gt;D:&lt;/strong&gt; Whether delusional or alien, Prot maintains coherent emotional presentation.&lt;/li&gt;&lt;/ul&gt;</mattext>
            </material>
          </flow_mat>
        </itemfeedback>
      </item>
      <item ident="q3_12227e9c" title="Question 3">
        <itemmetadata>
          <qtimetadata>
            <qtimetadatafield>
              <fieldlabel>question_type</fieldlabel>
              <fieldentry>multiple_choice_question</fieldentry>
            </qtimetadatafield>
            <qtimetadatafield>
              <fieldlabel>points_possible</fieldlabel>
              <fieldentry>10</fieldentry>
            </qtimetadatafield>
            <qtimetadatafield>
              <fieldlabel>assessment_question_identifierref</fieldlabel>
              <fieldentry>q3_12227e9c</fieldentry>
            </qtimetadatafield>
          </qtimetadata>
        </itemmetadata>
        <presentation>
          <material>
            <mattext texttype="text/html">&lt;p&gt;McKnight &amp;amp; Kashdan (2009) propose that purpose functions as a self-organizing system. Which character&amp;#39;s trajectory best demonstrates how trauma can either destroy OR reorganize purpose?&lt;/p&gt;</mattext>
          </material>
          <response_lid ident="response_q3_12227e9c" rcardinality="Single">
            <render_choice>
              <response_label ident="A">
                <material>
                  <mattext texttype="text/html">&lt;p&gt;Ben Sanderson (purpose destroyed without reorganization)&lt;/p&gt;</mattext>
                </material>
              </response_label>
              <response_label ident="B">
                <material>
                  <mattext texttype="text/html">&lt;p&gt;Malcolm Rivers (purpose fragmented into competing systems)&lt;/p&gt;</mattext>
                </material>
              </response_label>
              <response_label ident="C">
                <material>
                  <mattext texttype="text/html">&lt;p&gt;Cory Lambert (trauma reorganized into justice-seeking purpose)&lt;/p&gt;</mattext>
                </material>
              </response_label>
              <response_label ident="D">
                <material>
                  <mattext texttype="text/html">&lt;p&gt;The Narrator/Tyler Durden (purpose fragmented into competing identities)&lt;/p&gt;</mattext>
                </material>
              </response_label>
            </render_choice>
          </response_lid>
        </presentation>
        <resprocessing>
          <outcomes>
            <decvar maxvalue="100" minvalue="0" varname="SCORE" vartype="Decimal"/>
          </outcomes>
          <respcondition continue="No">
            <conditionvar>
              <varequal respident="response_q3_12227e9c">C</varequal>
            </conditionvar>
            <setvar action="Set" varname="SCORE">100</setvar>
          </respcondition>
        </resprocessing>
        <itemfeedback ident="correct_fb_q3_12227e9c">
          <flow_mat>
            <material>
              <mattext texttype="text/html">&lt;p&gt;&lt;strong&gt;Correct!&lt;/strong&gt;&lt;/p&gt;&lt;p&gt;The question asks about trauma reorganizing purpose, which implies successful (if painful) adaptation. Cory Lambert demonstrates this: his daughter&amp;#39;s death could have destroyed him (like Ben) or fragmented him (like Malcolm). Instead, the trauma reorganized his purpose system around justice - protecting other vulnerable people, honoring his daughter&amp;#39;s memory through action. His purpose is painful but functional, directed, and meaning-generating.&lt;/p&gt;</mattext>
            </material>
          </flow_mat>
        </itemfeedback>
        <itemfeedback ident="incorrect_fb_q3_12227e9c">
          <flow_mat>
            <material>
              <mattext texttype="text/html">&lt;p&gt;&lt;strong&gt;The correct answer is C.&lt;/strong&gt;&lt;/p&gt;&lt;p&gt;The question asks about trauma reorganizing purpose, which implies successful (if painful) adaptation. Cory Lambert demonstrates this: his daughter&amp;#39;s death could have destroyed him (like Ben) or fragmented him (like Malcolm). Instead, the trauma reorganized his purpose system around justice - protecting other vulnerable people, honoring his daughter&amp;#39;s memory through action. His purpose is painful but functional, directed, and meaning-generating.&lt;/p&gt;&lt;p&gt;&lt;strong&gt;Why other answers are incorrect:&lt;/strong&gt;&lt;/p&gt;&lt;ul&gt;&lt;li&gt;&lt;strong&gt;A:&lt;/strong&gt; Shows purpose destruction, not reorganization.&lt;/li&gt;&lt;li&gt;&lt;strong&gt;B:&lt;/strong&gt; Shows fragmentation, not reorganization into coherent new purpose.&lt;/li&gt;&lt;li&gt;&lt;strong&gt;D:&lt;/strong&gt; Shows fragmentation and dysfunction, not reorganization.&lt;/li&gt;&lt;/ul&gt;</mattext>
            </material>
          </flow_mat>
        </itemfeedback>
      </item>
      <item ident="q4_0f3b0aae" title="Question 4">
        <itemmetadata>
          <qtimetadata>
            <qtimetadatafield>
              <fieldlabel>question_type</fieldlabel>
              <fieldentry>multiple_choice_question</fieldentry>
            </qtimetadatafield>
            <qtimetadatafield>
              <fieldlabel>points_possible</fieldlabel>
              <fieldentry>10</fieldentry>
            </qtimetadatafield>
            <qtimetadatafield>
              <fieldlabel>assessment_question_identifierref</fieldlabel>
              <fieldentry>q4_0f3b0aae</fieldentry>
            </qtimetadatafield>
          </qtimetadata>
        </itemmetadata>
        <presentation>
          <material>
            <mattext texttype="text/html">&lt;p&gt;Boudry &amp;amp; Braeckman (2012) describe how self-validating belief systems resist disconfirmation. Which film most clearly demonstrated institutional (rather than individual) self-validating beliefs?&lt;/p&gt;</mattext>
          </material>
          <response_lid ident="response_q4_0f3b0aae" rcardinality="Single">
            <render_choice>
              <response_label ident="A">
                <material>
                  <mattext texttype="text/html">&lt;p&gt;K-PAX (individual delusion)&lt;/p&gt;</mattext>
                </material>
              </response_label>
              <response_label ident="B">
                <material>
                  <mattext texttype="text/html">&lt;p&gt;Fight Club (individual dissociation)&lt;/p&gt;</mattext>
                </material>
              </response_label>
              <response_label ident="C">
                <material>
                  <mattext texttype="text/html">&lt;p&gt;Nuremberg (Nazi ideology as systematically self-validating institutional belief)&lt;/p&gt;</mattext>
                </material>
              </response_label>
              <response_label ident="D">
                <material>
                  <mattext texttype="text/html">&lt;p&gt;Rain Man (individual autism)&lt;/p&gt;</mattext>
                </material>
              </response_label>
            </render_choice>
          </response_lid>
        </presentation>
        <resprocessing>
          <outcomes>
            <decvar maxvalue="100" minvalue="0" varname="SCORE" vartype="Decimal"/>
          </outcomes>
          <respcondition continue="No">
            <conditionvar>
              <varequal respident="response_q4_0f3b0aae">C</varequal>
            </conditionvar>
            <setvar action="Set" varname="SCORE">100</setvar>
          </respcondition>
        </resprocessing>
        <itemfeedback ident="correct_fb_q4_0f3b0aae">
          <flow_mat>
            <material>
              <mattext texttype="text/html">&lt;p&gt;&lt;strong&gt;Correct!&lt;/strong&gt;&lt;/p&gt;&lt;p&gt;Nuremberg most clearly shows INSTITUTIONAL self-validating beliefs. Nazi ideology wasn&amp;#39;t just individual delusion - it was a systematic belief system that operated at institutional level, with built-in immunizing strategies: racial science &amp;quot;proved&amp;quot; Aryan superiority, Jewish conspiracy theories explained any challenges, state legitimacy justified any action. The belief system was self-validating at the societal level, making individual resistance extremely difficult.&lt;/p&gt;</mattext>
            </material>
          </flow_mat>
        </itemfeedback>
        <itemfeedback ident="incorrect_fb_q4_0f3b0aae">
          <flow_mat>
            <material>
              <mattext texttype="text/html">&lt;p&gt;&lt;strong&gt;The correct answer is C.&lt;/strong&gt;&lt;/p&gt;&lt;p&gt;Nuremberg most clearly shows INSTITUTIONAL self-validating beliefs. Nazi ideology wasn&amp;#39;t just individual delusion - it was a systematic belief system that operated at institutional level, with built-in immunizing strategies: racial science &amp;quot;proved&amp;quot; Aryan superiority, Jewish conspiracy theories explained any challenges, state legitimacy justified any action. The belief system was self-validating at the societal level, making individual resistance extremely difficult.&lt;/p&gt;&lt;p&gt;&lt;strong&gt;Why other answers are incorrect:&lt;/strong&gt;&lt;/p&gt;&lt;ul&gt;&lt;li&gt;&lt;strong&gt;A:&lt;/strong&gt; Individual delusion, not institutional.&lt;/li&gt;&lt;li&gt;&lt;strong&gt;B:&lt;/strong&gt; Individual dissociation, not institutional belief.&lt;/li&gt;&lt;li&gt;&lt;strong&gt;D:&lt;/strong&gt; Autism is neurological, not a belief system.&lt;/li&gt;&lt;/ul&gt;</mattext>
            </material>
          </flow_mat>
        </itemfeedback>
      </item>
      <item ident="q5_8f97c7a8" title="Question 5">
        <itemmetadata>
          <qtimetadata>
            <qtimetadatafield>
              <fieldlabel>question_type</fieldlabel>
              <fieldentry>multiple_choice_question</fieldentry>
            </qtimetadatafield>
            <qtimetadatafield>
              <fieldlabel>points_possible</fieldlabel>
              <fieldentry>10</fieldentry>
            </qtimetadatafield>
            <qtimetadatafield>
              <fieldlabel>assessment_question_identifierref</fieldlabel>
              <fieldentry>q5_8f97c7a8</fieldentry>
            </qtimetadatafield>
          </qtimetadata>
        </itemmetadata>
        <presentation>
          <material>
            <mattext texttype="text/html">&lt;p&gt;The course examined six governing areas of inquiry: BELIEF, PURPOSE, MOTIVATION, UNCERTAINTY, DISCOMFORT, and EMOTION. Based on all films and readings, which statement best captures their relationship?&lt;/p&gt;</mattext>
          </material>
          <response_lid ident="response_q5_8f97c7a8" rcardinality="Single">
            <render_choice>
              <response_label ident="A">
                <material>
                  <mattext texttype="text/html">&lt;p&gt;Each operates independently in isolated psychological modules&lt;/p&gt;</mattext>
                </material>
              </response_label>
              <response_label ident="B">
                <material>
                  <mattext texttype="text/html">&lt;p&gt;BELIEF is the master construct determining all others&lt;/p&gt;</mattext>
                </material>
              </response_label>
              <response_label ident="C">
                <material>
                  <mattext texttype="text/html">&lt;p&gt;These are merely different words for the same phenomenon&lt;/p&gt;</mattext>
                </material>
              </response_label>
              <response_label ident="D">
                <material>
                  <mattext texttype="text/html">&lt;p&gt;They form an interconnected system - beliefs shape emotional interpretation, emotions drive motivation, uncertainty threatens purpose, and discomfort motivates belief change - requiring integrated analysis&lt;/p&gt;</mattext>
                </material>
              </response_label>
            </render_choice>
          </response_lid>
        </presentation>
        <resprocessing>
          <outcomes>
            <decvar maxvalue="100" minvalue="0" varname="SCORE" vartype="Decimal"/>
          </outcomes>
          <respcondition continue="No">
            <conditionvar>
              <varequal respident="response_q5_8f97c7a8">D</varequal>
            </conditionvar>
            <setvar action="Set" varname="SCORE">100</setvar>
          </respcondition>
        </resprocessing>
        <itemfeedback ident="correct_fb_q5_8f97c7a8">
          <flow_mat>
            <material>
              <mattext texttype="text/html">&lt;p&gt;&lt;strong&gt;Correct!&lt;/strong&gt;&lt;/p&gt;&lt;p&gt;The course demonstrated interconnection throughout:
- Beliefs shape emotional interpretation (Teddy&amp;#39;s delusion structures his emotional life)
- Emotions drive motivation (Charlie&amp;#39;s growing affection motivates care for Raymond)
- Uncertainty threatens purpose (Lambert&amp;#39;s certainty about justice enables purpose)
- Discomfort motivates belief change (or belief defense - the Nuremberg defendants)
The six areas require integrated analysis because changes in one ripple through others.&lt;/p&gt;</mattext>
            </material>
          </flow_mat>
        </itemfeedback>
        <itemfeedback ident="incorrect_fb_q5_8f97c7a8">
          <flow_mat>
            <material>
              <mattext texttype="text/html">&lt;p&gt;&lt;strong&gt;The correct answer is D.&lt;/strong&gt;&lt;/p&gt;&lt;p&gt;The course demonstrated interconnection throughout:
- Beliefs shape emotional interpretation (Teddy&amp;#39;s delusion structures his emotional life)
- Emotions drive motivation (Charlie&amp;#39;s growing affection motivates care for Raymond)
- Uncertainty threatens purpose (Lambert&amp;#39;s certainty about justice enables purpose)
- Discomfort motivates belief change (or belief defense - the Nuremberg defendants)
The six areas require integrated analysis because changes in one ripple through others.&lt;/p&gt;&lt;p&gt;&lt;strong&gt;Why other answers are incorrect:&lt;/strong&gt;&lt;/p&gt;&lt;ul&gt;&lt;li&gt;&lt;strong&gt;A:&lt;/strong&gt; The films consistently showed interconnection.&lt;/li&gt;&lt;li&gt;&lt;strong&gt;B:&lt;/strong&gt; No single construct is primary; relationships are bidirectional.&lt;/li&gt;&lt;li&gt;&lt;strong&gt;C:&lt;/strong&gt; The constructs are related but meaningfully distinct.&lt;/li&gt;&lt;/ul&gt;</mattext>
            </material>
          </flow_mat>
        </itemfeedback>
      </item>
    </section>
  </assessment>
</questestinterop>
