<?xml version="1.0" ?>
<questestinterop xmlns="http://www.imsglobal.org/xsd/ims_qtiasiv1p2">
  <assessment ident="quiz6_aa3b1917" title="Quiz 6: Black Swan">
    <qtimetadata>
      <qtimetadatafield>
        <fieldlabel>qmd_timelimit</fieldlabel>
        <fieldentry/>
      </qtimetadatafield>
      <qtimetadatafield>
        <fieldlabel>cc_maxattempts</fieldlabel>
        <fieldentry>1</fieldentry>
      </qtimetadatafield>
    </qtimetadata>
    <section ident="section_quiz6_aa3b1917">
      <item ident="q1_db0772f1" title="Question 1">
        <itemmetadata>
          <qtimetadata>
            <qtimetadatafield>
              <fieldlabel>question_type</fieldlabel>
              <fieldentry>multiple_choice_question</fieldentry>
            </qtimetadatafield>
            <qtimetadatafield>
              <fieldlabel>points_possible</fieldlabel>
              <fieldentry>10</fieldentry>
            </qtimetadatafield>
            <qtimetadatafield>
              <fieldlabel>assessment_question_identifierref</fieldlabel>
              <fieldentry>q1_db0772f1</fieldentry>
            </qtimetadatafield>
          </qtimetadata>
        </itemmetadata>
        <presentation>
          <material>
            <mattext texttype="text/html">&lt;p&gt;Nina&amp;#39;s perfectionism drives her to practice until she bleeds. According to Feldman Barrett et al. (2001), how does her apparent inability to distinguish between productive striving and self-destruction relate to emotion differentiation?&lt;/p&gt;</mattext>
          </material>
          <response_lid ident="response_q1_db0772f1" rcardinality="Single">
            <render_choice>
              <response_label ident="A">
                <material>
                  <mattext texttype="text/html">&lt;p&gt;High differentiation allows her to push through pain signals&lt;/p&gt;</mattext>
                </material>
              </response_label>
              <response_label ident="B">
                <material>
                  <mattext texttype="text/html">&lt;p&gt;Low differentiation prevents her from recognizing when anxiety has crossed into harmful territory, impairing adaptive regulation&lt;/p&gt;</mattext>
                </material>
              </response_label>
              <response_label ident="C">
                <material>
                  <mattext texttype="text/html">&lt;p&gt;Dancers are trained to suppress emotion differentiation&lt;/p&gt;</mattext>
                </material>
              </response_label>
              <response_label ident="D">
                <material>
                  <mattext texttype="text/html">&lt;p&gt;Physical pain and emotional satisfaction are inherently undifferentiated&lt;/p&gt;</mattext>
                </material>
              </response_label>
            </render_choice>
          </response_lid>
        </presentation>
        <resprocessing>
          <outcomes>
            <decvar maxvalue="100" minvalue="0" varname="SCORE" vartype="Decimal"/>
          </outcomes>
          <respcondition continue="No">
            <conditionvar>
              <varequal respident="response_q1_db0772f1">B</varequal>
            </conditionvar>
            <setvar action="Set" varname="SCORE">100</setvar>
          </respcondition>
        </resprocessing>
        <itemfeedback ident="correct_fb_q1_db0772f1">
          <flow_mat>
            <material>
              <mattext texttype="text/html">&lt;p&gt;&lt;strong&gt;Correct!&lt;/strong&gt;&lt;/p&gt;&lt;p&gt;Feldman Barrett et al.&amp;#39;s research on emotion differentiation shows that people who can distinguish between similar emotional states make better self-regulatory decisions. Nina cannot differentiate between productive anxiety (motivating practice) and destructive anxiety (driving self-harm). Her low differentiation means all anxiety feels the same, preventing her from recognizing when she&amp;#39;s crossed from healthy striving into pathology. She can&amp;#39;t tell when &amp;quot;enough&amp;quot; becomes &amp;quot;too much.&amp;quot;&lt;/p&gt;</mattext>
            </material>
          </flow_mat>
        </itemfeedback>
        <itemfeedback ident="incorrect_fb_q1_db0772f1">
          <flow_mat>
            <material>
              <mattext texttype="text/html">&lt;p&gt;&lt;strong&gt;The correct answer is B.&lt;/strong&gt;&lt;/p&gt;&lt;p&gt;Feldman Barrett et al.&amp;#39;s research on emotion differentiation shows that people who can distinguish between similar emotional states make better self-regulatory decisions. Nina cannot differentiate between productive anxiety (motivating practice) and destructive anxiety (driving self-harm). Her low differentiation means all anxiety feels the same, preventing her from recognizing when she&amp;#39;s crossed from healthy striving into pathology. She can&amp;#39;t tell when &amp;quot;enough&amp;quot; becomes &amp;quot;too much.&amp;quot;&lt;/p&gt;&lt;p&gt;&lt;strong&gt;Why other answers are incorrect:&lt;/strong&gt;&lt;/p&gt;&lt;ul&gt;&lt;li&gt;&lt;strong&gt;A:&lt;/strong&gt; Reverses the relationship. HIGH differentiation would help her recognize when to stop, not continue.&lt;/li&gt;&lt;li&gt;&lt;strong&gt;C:&lt;/strong&gt; No evidence for this claim. If anything, artistic training might enhance emotional awareness.&lt;/li&gt;&lt;li&gt;&lt;strong&gt;D:&lt;/strong&gt; These are distinguishable for most people. Nina&amp;#39;s inability to distinguish is pathological, not universal.&lt;/li&gt;&lt;/ul&gt;</mattext>
            </material>
          </flow_mat>
        </itemfeedback>
      </item>
      <item ident="q2_3179ddf2" title="Question 2">
        <itemmetadata>
          <qtimetadata>
            <qtimetadatafield>
              <fieldlabel>question_type</fieldlabel>
              <fieldentry>multiple_choice_question</fieldentry>
            </qtimetadatafield>
            <qtimetadatafield>
              <fieldlabel>points_possible</fieldlabel>
              <fieldentry>10</fieldentry>
            </qtimetadatafield>
            <qtimetadatafield>
              <fieldlabel>assessment_question_identifierref</fieldlabel>
              <fieldentry>q2_3179ddf2</fieldentry>
            </qtimetadatafield>
          </qtimetadata>
        </itemmetadata>
        <presentation>
          <material>
            <mattext texttype="text/html">&lt;p&gt;Nina&amp;#39;s hallucinations escalate throughout the film. According to Kalokerinos et al. (2019), why might low negative emotion differentiation predict more severe symptom progression?&lt;/p&gt;</mattext>
          </material>
          <response_lid ident="response_q2_3179ddf2" rcardinality="Single">
            <render_choice>
              <response_label ident="A">
                <material>
                  <mattext texttype="text/html">&lt;p&gt;Undifferentiated emotions are inherently more intense&lt;/p&gt;</mattext>
                </material>
              </response_label>
              <response_label ident="B">
                <material>
                  <mattext texttype="text/html">&lt;p&gt;Low differentiators seek more extreme stimulation&lt;/p&gt;</mattext>
                </material>
              </response_label>
              <response_label ident="C">
                <material>
                  <mattext texttype="text/html">&lt;p&gt;Low differentiators use emotion regulation strategies ineffectively, with all strategies associated with INCREASED rather than decreased negative affect&lt;/p&gt;</mattext>
                </material>
              </response_label>
              <response_label ident="D">
                <material>
                  <mattext texttype="text/html">&lt;p&gt;Differentiation protects against genetic vulnerability to psychosis&lt;/p&gt;</mattext>
                </material>
              </response_label>
            </render_choice>
          </response_lid>
        </presentation>
        <resprocessing>
          <outcomes>
            <decvar maxvalue="100" minvalue="0" varname="SCORE" vartype="Decimal"/>
          </outcomes>
          <respcondition continue="No">
            <conditionvar>
              <varequal respident="response_q2_3179ddf2">C</varequal>
            </conditionvar>
            <setvar action="Set" varname="SCORE">100</setvar>
          </respcondition>
        </resprocessing>
        <itemfeedback ident="correct_fb_q2_3179ddf2">
          <flow_mat>
            <material>
              <mattext texttype="text/html">&lt;p&gt;&lt;strong&gt;Correct!&lt;/strong&gt;&lt;/p&gt;&lt;p&gt;Kalokerinos et al.&amp;#39;s (2019) key finding is that low differentiators don&amp;#39;t just struggle with one regulation strategy - they struggle with ALL strategies. For low differentiators, even typically adaptive strategies like reappraisal are associated with increased negative affect. Nina tries everything: distraction, suppression, situation avoidance - but nothing works because she can&amp;#39;t accurately identify what she&amp;#39;s feeling. Each failed regulation attempt may contribute to symptom escalation.&lt;/p&gt;</mattext>
            </material>
          </flow_mat>
        </itemfeedback>
        <itemfeedback ident="incorrect_fb_q2_3179ddf2">
          <flow_mat>
            <material>
              <mattext texttype="text/html">&lt;p&gt;&lt;strong&gt;The correct answer is C.&lt;/strong&gt;&lt;/p&gt;&lt;p&gt;Kalokerinos et al.&amp;#39;s (2019) key finding is that low differentiators don&amp;#39;t just struggle with one regulation strategy - they struggle with ALL strategies. For low differentiators, even typically adaptive strategies like reappraisal are associated with increased negative affect. Nina tries everything: distraction, suppression, situation avoidance - but nothing works because she can&amp;#39;t accurately identify what she&amp;#39;s feeling. Each failed regulation attempt may contribute to symptom escalation.&lt;/p&gt;&lt;p&gt;&lt;strong&gt;Why other answers are incorrect:&lt;/strong&gt;&lt;/p&gt;&lt;ul&gt;&lt;li&gt;&lt;strong&gt;A:&lt;/strong&gt; Not what the research shows. The intensity isn&amp;#39;t necessarily higher; the regulation is less effective.&lt;/li&gt;&lt;li&gt;&lt;strong&gt;B:&lt;/strong&gt; This describes sensation-seeking, not differentiation. These are separate constructs.&lt;/li&gt;&lt;li&gt;&lt;strong&gt;D:&lt;/strong&gt; No evidence for gene-environment interaction involving differentiation and psychosis specifically.&lt;/li&gt;&lt;/ul&gt;</mattext>
            </material>
          </flow_mat>
        </itemfeedback>
      </item>
      <item ident="q3_99eeae88" title="Question 3">
        <itemmetadata>
          <qtimetadata>
            <qtimetadatafield>
              <fieldlabel>question_type</fieldlabel>
              <fieldentry>multiple_choice_question</fieldentry>
            </qtimetadatafield>
            <qtimetadatafield>
              <fieldlabel>points_possible</fieldlabel>
              <fieldentry>10</fieldentry>
            </qtimetadatafield>
            <qtimetadatafield>
              <fieldlabel>assessment_question_identifierref</fieldlabel>
              <fieldentry>q3_99eeae88</fieldentry>
            </qtimetadatafield>
          </qtimetadata>
        </itemmetadata>
        <presentation>
          <material>
            <mattext texttype="text/html">&lt;p&gt;Erica Sayers (Nina&amp;#39;s mother) gave up her ballet career to raise Nina and now lives vicariously through her. Which psychological mechanism best explains how this dynamic contributes to Nina&amp;#39;s pathology?&lt;/p&gt;</mattext>
          </material>
          <response_lid ident="response_q3_99eeae88" rcardinality="Single">
            <render_choice>
              <response_label ident="A">
                <material>
                  <mattext texttype="text/html">&lt;p&gt;Genetic transmission of anxiety disorders&lt;/p&gt;</mattext>
                </material>
              </response_label>
              <response_label ident="B">
                <material>
                  <mattext texttype="text/html">&lt;p&gt;Modeling of maladaptive perfectionism&lt;/p&gt;</mattext>
                </material>
              </response_label>
              <response_label ident="C">
                <material>
                  <mattext texttype="text/html">&lt;p&gt;Fusion of identities preventing Nina from developing autonomous purpose and self-regulation&lt;/p&gt;</mattext>
                </material>
              </response_label>
              <response_label ident="D">
                <material>
                  <mattext texttype="text/html">&lt;p&gt;Classical conditioning of dance with punishment&lt;/p&gt;</mattext>
                </material>
              </response_label>
            </render_choice>
          </response_lid>
        </presentation>
        <resprocessing>
          <outcomes>
            <decvar maxvalue="100" minvalue="0" varname="SCORE" vartype="Decimal"/>
          </outcomes>
          <respcondition continue="No">
            <conditionvar>
              <varequal respident="response_q3_99eeae88">C</varequal>
            </conditionvar>
            <setvar action="Set" varname="SCORE">100</setvar>
          </respcondition>
        </resprocessing>
        <itemfeedback ident="correct_fb_q3_99eeae88">
          <flow_mat>
            <material>
              <mattext texttype="text/html">&lt;p&gt;&lt;strong&gt;Correct!&lt;/strong&gt;&lt;/p&gt;&lt;p&gt;Erica&amp;#39;s vicarious living through Nina creates a fusion of identities that prevents Nina from developing autonomous purpose. Nina&amp;#39;s goals aren&amp;#39;t truly hers - they&amp;#39;re her mother&amp;#39;s goals imposed on her. This lack of self-concordance (Kashdan et al., 2024) means Nina pursues achievement without genuine personal investment, making self-regulation harder because she&amp;#39;s regulating for someone else&amp;#39;s dream, not her own.&lt;/p&gt;</mattext>
            </material>
          </flow_mat>
        </itemfeedback>
        <itemfeedback ident="incorrect_fb_q3_99eeae88">
          <flow_mat>
            <material>
              <mattext texttype="text/html">&lt;p&gt;&lt;strong&gt;The correct answer is C.&lt;/strong&gt;&lt;/p&gt;&lt;p&gt;Erica&amp;#39;s vicarious living through Nina creates a fusion of identities that prevents Nina from developing autonomous purpose. Nina&amp;#39;s goals aren&amp;#39;t truly hers - they&amp;#39;re her mother&amp;#39;s goals imposed on her. This lack of self-concordance (Kashdan et al., 2024) means Nina pursues achievement without genuine personal investment, making self-regulation harder because she&amp;#39;s regulating for someone else&amp;#39;s dream, not her own.&lt;/p&gt;&lt;p&gt;&lt;strong&gt;Why other answers are incorrect:&lt;/strong&gt;&lt;/p&gt;&lt;ul&gt;&lt;li&gt;&lt;strong&gt;A:&lt;/strong&gt; While anxiety may have genetic components, this doesn&amp;#39;t explain the MECHANISM by which the mother-daughter dynamic contributes.&lt;/li&gt;&lt;li&gt;&lt;strong&gt;B:&lt;/strong&gt; Partially relevant, but modeling explains learning patterns, not the deeper identity fusion.&lt;/li&gt;&lt;li&gt;&lt;strong&gt;D:&lt;/strong&gt; Oversimplifies the psychological dynamic. The relationship is about identity, not conditioned associations.&lt;/li&gt;&lt;/ul&gt;</mattext>
            </material>
          </flow_mat>
        </itemfeedback>
      </item>
      <item ident="q4_77515109" title="Question 4">
        <itemmetadata>
          <qtimetadata>
            <qtimetadatafield>
              <fieldlabel>question_type</fieldlabel>
              <fieldentry>multiple_choice_question</fieldentry>
            </qtimetadatafield>
            <qtimetadatafield>
              <fieldlabel>points_possible</fieldlabel>
              <fieldentry>10</fieldentry>
            </qtimetadatafield>
            <qtimetadatafield>
              <fieldlabel>assessment_question_identifierref</fieldlabel>
              <fieldentry>q4_77515109</fieldentry>
            </qtimetadatafield>
          </qtimetadata>
        </itemmetadata>
        <presentation>
          <material>
            <mattext texttype="text/html">&lt;p&gt;Thomas Leroy tells Nina she must &amp;quot;lose herself&amp;quot; to embody the Black Swan. This artistic directive is psychologically dangerous because:&lt;/p&gt;</mattext>
          </material>
          <response_lid ident="response_q4_77515109" rcardinality="Single">
            <render_choice>
              <response_label ident="A">
                <material>
                  <mattext texttype="text/html">&lt;p&gt;Method acting always produces mental illness&lt;/p&gt;</mattext>
                </material>
              </response_label>
              <response_label ident="B">
                <material>
                  <mattext texttype="text/html">&lt;p&gt;The Black Swan role is inherently traumatizing&lt;/p&gt;</mattext>
                </material>
              </response_label>
              <response_label ident="C">
                <material>
                  <mattext texttype="text/html">&lt;p&gt;Nina interprets metaphorical instruction literally, believing actual identity dissolution is required rather than emotional access&lt;/p&gt;</mattext>
                </material>
              </response_label>
              <response_label ident="D">
                <material>
                  <mattext texttype="text/html">&lt;p&gt;Directors intentionally destabilize performers&lt;/p&gt;</mattext>
                </material>
              </response_label>
            </render_choice>
          </response_lid>
        </presentation>
        <resprocessing>
          <outcomes>
            <decvar maxvalue="100" minvalue="0" varname="SCORE" vartype="Decimal"/>
          </outcomes>
          <respcondition continue="No">
            <conditionvar>
              <varequal respident="response_q4_77515109">C</varequal>
            </conditionvar>
            <setvar action="Set" varname="SCORE">100</setvar>
          </respcondition>
        </resprocessing>
        <itemfeedback ident="correct_fb_q4_77515109">
          <flow_mat>
            <material>
              <mattext texttype="text/html">&lt;p&gt;&lt;strong&gt;Correct!&lt;/strong&gt;&lt;/p&gt;&lt;p&gt;Thomas means &amp;quot;lose yourself&amp;quot; metaphorically - access emotions you normally suppress. Nina interprets it literally - actually dissolve your identity. This literalization of metaphor reflects her concrete thinking and poor reality testing. When Thomas says &amp;quot;seduce me,&amp;quot; he means perform seduction; Nina considers actually seducing him. Her inability to process figurative artistic language as figurative pushes her toward actual identity dissolution.&lt;/p&gt;</mattext>
            </material>
          </flow_mat>
        </itemfeedback>
        <itemfeedback ident="incorrect_fb_q4_77515109">
          <flow_mat>
            <material>
              <mattext texttype="text/html">&lt;p&gt;&lt;strong&gt;The correct answer is C.&lt;/strong&gt;&lt;/p&gt;&lt;p&gt;Thomas means &amp;quot;lose yourself&amp;quot; metaphorically - access emotions you normally suppress. Nina interprets it literally - actually dissolve your identity. This literalization of metaphor reflects her concrete thinking and poor reality testing. When Thomas says &amp;quot;seduce me,&amp;quot; he means perform seduction; Nina considers actually seducing him. Her inability to process figurative artistic language as figurative pushes her toward actual identity dissolution.&lt;/p&gt;&lt;p&gt;&lt;strong&gt;Why other answers are incorrect:&lt;/strong&gt;&lt;/p&gt;&lt;ul&gt;&lt;li&gt;&lt;strong&gt;A:&lt;/strong&gt; Many actors use method techniques without developing psychosis. It&amp;#39;s Nina&amp;#39;s interpretation, not the technique itself.&lt;/li&gt;&lt;li&gt;&lt;strong&gt;B:&lt;/strong&gt; The role itself is demanding but not inherently pathogenic. Many dancers perform it without harm.&lt;/li&gt;&lt;li&gt;&lt;strong&gt;D:&lt;/strong&gt; Thomas may be exploitative, but there&amp;#39;s no evidence he intends to cause psychosis.&lt;/li&gt;&lt;/ul&gt;</mattext>
            </material>
          </flow_mat>
        </itemfeedback>
      </item>
      <item ident="q5_2614ee98" title="Question 5">
        <itemmetadata>
          <qtimetadata>
            <qtimetadatafield>
              <fieldlabel>question_type</fieldlabel>
              <fieldentry>multiple_choice_question</fieldentry>
            </qtimetadatafield>
            <qtimetadatafield>
              <fieldlabel>points_possible</fieldlabel>
              <fieldentry>10</fieldentry>
            </qtimetadatafield>
            <qtimetadatafield>
              <fieldlabel>assessment_question_identifierref</fieldlabel>
              <fieldentry>q5_2614ee98</fieldentry>
            </qtimetadatafield>
          </qtimetadata>
        </itemmetadata>
        <presentation>
          <material>
            <mattext texttype="text/html">&lt;p&gt;Nina sees her own face on other dancers and in mirrors with distorted features. This symptom most specifically suggests which psychological process?&lt;/p&gt;</mattext>
          </material>
          <response_lid ident="response_q5_2614ee98" rcardinality="Single">
            <render_choice>
              <response_label ident="A">
                <material>
                  <mattext texttype="text/html">&lt;p&gt;Generalized anxiety about competition&lt;/p&gt;</mattext>
                </material>
              </response_label>
              <response_label ident="B">
                <material>
                  <mattext texttype="text/html">&lt;p&gt;Projection of unwanted characteristics onto others&lt;/p&gt;</mattext>
                </material>
              </response_label>
              <response_label ident="C">
                <material>
                  <mattext texttype="text/html">&lt;p&gt;Disturbed self-representation and body image with features of depersonalization&lt;/p&gt;</mattext>
                </material>
              </response_label>
              <response_label ident="D">
                <material>
                  <mattext texttype="text/html">&lt;p&gt;Normal performance anxiety under pressure&lt;/p&gt;</mattext>
                </material>
              </response_label>
            </render_choice>
          </response_lid>
        </presentation>
        <resprocessing>
          <outcomes>
            <decvar maxvalue="100" minvalue="0" varname="SCORE" vartype="Decimal"/>
          </outcomes>
          <respcondition continue="No">
            <conditionvar>
              <varequal respident="response_q5_2614ee98">C</varequal>
            </conditionvar>
            <setvar action="Set" varname="SCORE">100</setvar>
          </respcondition>
        </resprocessing>
        <itemfeedback ident="correct_fb_q5_2614ee98">
          <flow_mat>
            <material>
              <mattext texttype="text/html">&lt;p&gt;&lt;strong&gt;Correct!&lt;/strong&gt;&lt;/p&gt;&lt;p&gt;Nina&amp;#39;s visual experiences specifically involve SELF-representation - she sees her own face on others, her reflection transforms, her body morphs. This pattern suggests disturbance in the neural systems that maintain stable self-representation. The term &amp;quot;depersonalization&amp;quot; captures the sense of self becoming unfamiliar or unreal. This goes beyond anxiety or projection to suggest a fundamental disturbance in how she perceives and represents herself.&lt;/p&gt;</mattext>
            </material>
          </flow_mat>
        </itemfeedback>
        <itemfeedback ident="incorrect_fb_q5_2614ee98">
          <flow_mat>
            <material>
              <mattext texttype="text/html">&lt;p&gt;&lt;strong&gt;The correct answer is C.&lt;/strong&gt;&lt;/p&gt;&lt;p&gt;Nina&amp;#39;s visual experiences specifically involve SELF-representation - she sees her own face on others, her reflection transforms, her body morphs. This pattern suggests disturbance in the neural systems that maintain stable self-representation. The term &amp;quot;depersonalization&amp;quot; captures the sense of self becoming unfamiliar or unreal. This goes beyond anxiety or projection to suggest a fundamental disturbance in how she perceives and represents herself.&lt;/p&gt;&lt;p&gt;&lt;strong&gt;Why other answers are incorrect:&lt;/strong&gt;&lt;/p&gt;&lt;ul&gt;&lt;li&gt;&lt;strong&gt;A:&lt;/strong&gt; Anxiety doesn&amp;#39;t typically produce these specific visual disturbances of self-perception.&lt;/li&gt;&lt;li&gt;&lt;strong&gt;B:&lt;/strong&gt; Projection would involve seeing HER unwanted traits in OTHERS. She sees herself IN others - a different mechanism.&lt;/li&gt;&lt;li&gt;&lt;strong&gt;D:&lt;/strong&gt; Hallucinations and visual distortions are not normal aspects of performance anxiety.&lt;/li&gt;&lt;/ul&gt;</mattext>
            </material>
          </flow_mat>
        </itemfeedback>
      </item>
    </section>
  </assessment>
</questestinterop>
