<?xml version="1.0" ?>
<questestinterop xmlns="http://www.imsglobal.org/xsd/ims_qtiasiv1p2">
  <assessment ident="quiz11_06c61a31" title="Quiz 11: Primal Fear / The Hurricane">
    <qtimetadata>
      <qtimetadatafield>
        <fieldlabel>qmd_timelimit</fieldlabel>
        <fieldentry/>
      </qtimetadatafield>
      <qtimetadatafield>
        <fieldlabel>cc_maxattempts</fieldlabel>
        <fieldentry>1</fieldentry>
      </qtimetadatafield>
    </qtimetadata>
    <section ident="section_quiz11_06c61a31">
      <item ident="q1_15347e3c" title="Question 1">
        <itemmetadata>
          <qtimetadata>
            <qtimetadatafield>
              <fieldlabel>question_type</fieldlabel>
              <fieldentry>multiple_choice_question</fieldentry>
            </qtimetadatafield>
            <qtimetadatafield>
              <fieldlabel>points_possible</fieldlabel>
              <fieldentry>10</fieldentry>
            </qtimetadatafield>
            <qtimetadatafield>
              <fieldlabel>assessment_question_identifierref</fieldlabel>
              <fieldentry>q1_15347e3c</fieldentry>
            </qtimetadatafield>
          </qtimetadata>
        </itemmetadata>
        <presentation>
          <material>
            <mattext texttype="text/html">&lt;p&gt;Aaron Stampler deceives everyone; Rubin Carter is deceived BY the system. According to Vrij et al. (2019), what do these cases together suggest about institutional deception detection?&lt;/p&gt;</mattext>
          </material>
          <response_lid ident="response_q1_15347e3c" rcardinality="Single">
            <render_choice>
              <response_label ident="A">
                <material>
                  <mattext texttype="text/html">&lt;p&gt;Legal systems are excellent at detecting individual deception&lt;/p&gt;</mattext>
                </material>
              </response_label>
              <response_label ident="B">
                <material>
                  <mattext texttype="text/html">&lt;p&gt;Institutions cannot be deceived&lt;/p&gt;</mattext>
                </material>
              </response_label>
              <response_label ident="C">
                <material>
                  <mattext texttype="text/html">&lt;p&gt;Neither individuals nor institutions reliably detect deception; the direction of deception (perpetrator vs. victim) does not predict detection accuracy&lt;/p&gt;</mattext>
                </material>
              </response_label>
              <response_label ident="D">
                <material>
                  <mattext texttype="text/html">&lt;p&gt;Only psychopaths can deceive institutions&lt;/p&gt;</mattext>
                </material>
              </response_label>
            </render_choice>
          </response_lid>
        </presentation>
        <resprocessing>
          <outcomes>
            <decvar maxvalue="100" minvalue="0" varname="SCORE" vartype="Decimal"/>
          </outcomes>
          <respcondition continue="No">
            <conditionvar>
              <varequal respident="response_q1_15347e3c">C</varequal>
            </conditionvar>
            <setvar action="Set" varname="SCORE">100</setvar>
          </respcondition>
        </resprocessing>
        <itemfeedback ident="correct_fb_q1_15347e3c">
          <flow_mat>
            <material>
              <mattext texttype="text/html">&lt;p&gt;&lt;strong&gt;Correct!&lt;/strong&gt;&lt;/p&gt;&lt;p&gt;The two cases together illustrate that deception detection fails regardless of direction. Aaron (guilty) successfully deceives the system claiming innocence. The witnesses against Carter (lying) successfully deceive the system to convict an innocent man. Vrij et al.&amp;#39;s finding that detection accuracy is near chance applies to both scenarios. Institutions don&amp;#39;t detect deception better than individuals, and being on the &amp;quot;right side&amp;quot; doesn&amp;#39;t improve detection.&lt;/p&gt;</mattext>
            </material>
          </flow_mat>
        </itemfeedback>
        <itemfeedback ident="incorrect_fb_q1_15347e3c">
          <flow_mat>
            <material>
              <mattext texttype="text/html">&lt;p&gt;&lt;strong&gt;The correct answer is C.&lt;/strong&gt;&lt;/p&gt;&lt;p&gt;The two cases together illustrate that deception detection fails regardless of direction. Aaron (guilty) successfully deceives the system claiming innocence. The witnesses against Carter (lying) successfully deceive the system to convict an innocent man. Vrij et al.&amp;#39;s finding that detection accuracy is near chance applies to both scenarios. Institutions don&amp;#39;t detect deception better than individuals, and being on the &amp;quot;right side&amp;quot; doesn&amp;#39;t improve detection.&lt;/p&gt;&lt;p&gt;&lt;strong&gt;Why other answers are incorrect:&lt;/strong&gt;&lt;/p&gt;&lt;ul&gt;&lt;li&gt;&lt;strong&gt;A:&lt;/strong&gt; Both films contradict this directly. Aaron fools the system; false witnesses fool the system against Carter.&lt;/li&gt;&lt;li&gt;&lt;strong&gt;B:&lt;/strong&gt; The Carter case shows institutions CAN be deceived through false testimony.&lt;/li&gt;&lt;li&gt;&lt;strong&gt;D:&lt;/strong&gt; Carter&amp;#39;s accusers weren&amp;#39;t psychopaths; they were ordinary people who lied successfully.&lt;/li&gt;&lt;/ul&gt;</mattext>
            </material>
          </flow_mat>
        </itemfeedback>
      </item>
      <item ident="q2_3ea86c9b" title="Question 2">
        <itemmetadata>
          <qtimetadata>
            <qtimetadatafield>
              <fieldlabel>question_type</fieldlabel>
              <fieldentry>multiple_choice_question</fieldentry>
            </qtimetadatafield>
            <qtimetadatafield>
              <fieldlabel>points_possible</fieldlabel>
              <fieldentry>10</fieldentry>
            </qtimetadatafield>
            <qtimetadatafield>
              <fieldlabel>assessment_question_identifierref</fieldlabel>
              <fieldentry>q2_3ea86c9b</fieldentry>
            </qtimetadatafield>
          </qtimetadata>
        </itemmetadata>
        <presentation>
          <material>
            <mattext texttype="text/html">&lt;p&gt;Martin Vail discovers he was manipulated after the verdict is final. Rubin Carter knew he was being manipulated but was powerless to stop it. According to research on belief perseverance (Boudry &amp;amp; Braeckman, 2012), why did both men initially fail to recognize the truth?&lt;/p&gt;</mattext>
          </material>
          <response_lid ident="response_q2_3ea86c9b" rcardinality="Single">
            <render_choice>
              <response_label ident="A">
                <material>
                  <mattext texttype="text/html">&lt;p&gt;Intelligence does not protect against deception&lt;/p&gt;</mattext>
                </material>
              </response_label>
              <response_label ident="B">
                <material>
                  <mattext texttype="text/html">&lt;p&gt;Emotional investment prevented objective evaluation&lt;/p&gt;</mattext>
                </material>
              </response_label>
              <response_label ident="C">
                <material>
                  <mattext texttype="text/html">&lt;p&gt;Both operated within self-validating belief systems - Vail&amp;#39;s about his client, Carter&amp;#39;s accuser&amp;#39;s about his guilt - that reinterpreted contradictory evidence to confirm existing beliefs&lt;/p&gt;</mattext>
                </material>
              </response_label>
              <response_label ident="D">
                <material>
                  <mattext texttype="text/html">&lt;p&gt;The legal system prevented truth-seeking&lt;/p&gt;</mattext>
                </material>
              </response_label>
            </render_choice>
          </response_lid>
        </presentation>
        <resprocessing>
          <outcomes>
            <decvar maxvalue="100" minvalue="0" varname="SCORE" vartype="Decimal"/>
          </outcomes>
          <respcondition continue="No">
            <conditionvar>
              <varequal respident="response_q2_3ea86c9b">C</varequal>
            </conditionvar>
            <setvar action="Set" varname="SCORE">100</setvar>
          </respcondition>
        </resprocessing>
        <itemfeedback ident="correct_fb_q2_3ea86c9b">
          <flow_mat>
            <material>
              <mattext texttype="text/html">&lt;p&gt;&lt;strong&gt;Correct!&lt;/strong&gt;&lt;/p&gt;&lt;p&gt;Boudry &amp;amp; Braeckman&amp;#39;s framework explains both cases. Vail&amp;#39;s belief in Aaron&amp;#39;s innocence became self-validating - Aaron&amp;#39;s consistent performance reinforced the belief, and any inconsistencies were interpreted as trauma symptoms. Carter&amp;#39;s accusers held self-validating beliefs about his guilt - his race, reputation, and presence near the scene confirmed their expectations. Both belief systems processed contradictory evidence as confirmation.&lt;/p&gt;</mattext>
            </material>
          </flow_mat>
        </itemfeedback>
        <itemfeedback ident="incorrect_fb_q2_3ea86c9b">
          <flow_mat>
            <material>
              <mattext texttype="text/html">&lt;p&gt;&lt;strong&gt;The correct answer is C.&lt;/strong&gt;&lt;/p&gt;&lt;p&gt;Boudry &amp;amp; Braeckman&amp;#39;s framework explains both cases. Vail&amp;#39;s belief in Aaron&amp;#39;s innocence became self-validating - Aaron&amp;#39;s consistent performance reinforced the belief, and any inconsistencies were interpreted as trauma symptoms. Carter&amp;#39;s accusers held self-validating beliefs about his guilt - his race, reputation, and presence near the scene confirmed their expectations. Both belief systems processed contradictory evidence as confirmation.&lt;/p&gt;&lt;p&gt;&lt;strong&gt;Why other answers are incorrect:&lt;/strong&gt;&lt;/p&gt;&lt;ul&gt;&lt;li&gt;&lt;strong&gt;A:&lt;/strong&gt; True but doesn&amp;#39;t explain the specific mechanism of belief maintenance.&lt;/li&gt;&lt;li&gt;&lt;strong&gt;B:&lt;/strong&gt; Partially correct but doesn&amp;#39;t capture the SELF-VALIDATING nature of the beliefs.&lt;/li&gt;&lt;li&gt;&lt;strong&gt;D:&lt;/strong&gt; The system was used, but the psychological mechanism was belief perseverance.&lt;/li&gt;&lt;/ul&gt;</mattext>
            </material>
          </flow_mat>
        </itemfeedback>
      </item>
      <item ident="q3_27aff8ac" title="Question 3">
        <itemmetadata>
          <qtimetadata>
            <qtimetadatafield>
              <fieldlabel>question_type</fieldlabel>
              <fieldentry>multiple_choice_question</fieldentry>
            </qtimetadatafield>
            <qtimetadatafield>
              <fieldlabel>points_possible</fieldlabel>
              <fieldentry>10</fieldentry>
            </qtimetadatafield>
            <qtimetadatafield>
              <fieldlabel>assessment_question_identifierref</fieldlabel>
              <fieldentry>q3_27aff8ac</fieldentry>
            </qtimetadatafield>
          </qtimetadata>
        </itemmetadata>
        <presentation>
          <material>
            <mattext texttype="text/html">&lt;p&gt;Primal Fear depicts a guilty person escaping justice; The Hurricane depicts an innocent person denied justice. According to Diamond (1961) on criminal responsibility, what fundamental challenge does this contrast illustrate?&lt;/p&gt;</mattext>
          </material>
          <response_lid ident="response_q3_27aff8ac" rcardinality="Single">
            <render_choice>
              <response_label ident="A">
                <material>
                  <mattext texttype="text/html">&lt;p&gt;The insanity defense should be abolished&lt;/p&gt;</mattext>
                </material>
              </response_label>
              <response_label ident="B">
                <material>
                  <mattext texttype="text/html">&lt;p&gt;Mental illness always leads to injustice&lt;/p&gt;</mattext>
                </material>
              </response_label>
              <response_label ident="C">
                <material>
                  <mattext texttype="text/html">&lt;p&gt;The legal system must balance two types of errors - convicting the innocent and acquitting the guilty - and mental illness complicates both determinations&lt;/p&gt;</mattext>
                </material>
              </response_label>
              <response_label ident="D">
                <material>
                  <mattext texttype="text/html">&lt;p&gt;Criminal responsibility can be objectively determined&lt;/p&gt;</mattext>
                </material>
              </response_label>
            </render_choice>
          </response_lid>
        </presentation>
        <resprocessing>
          <outcomes>
            <decvar maxvalue="100" minvalue="0" varname="SCORE" vartype="Decimal"/>
          </outcomes>
          <respcondition continue="No">
            <conditionvar>
              <varequal respident="response_q3_27aff8ac">C</varequal>
            </conditionvar>
            <setvar action="Set" varname="SCORE">100</setvar>
          </respcondition>
        </resprocessing>
        <itemfeedback ident="correct_fb_q3_27aff8ac">
          <flow_mat>
            <material>
              <mattext texttype="text/html">&lt;p&gt;&lt;strong&gt;Correct!&lt;/strong&gt;&lt;/p&gt;&lt;p&gt;Diamond&amp;#39;s analysis of criminal responsibility acknowledges that legal systems must balance Type I errors (convicting innocents) against Type II errors (acquitting the guilty). Both films show these errors occurring: Aaron exploits mental illness claims to avoid accountability (Type II error); Carter is convicted despite innocence (Type I error). Mental illness complicates both because it&amp;#39;s difficult to assess and can be feigned or ignored.&lt;/p&gt;</mattext>
            </material>
          </flow_mat>
        </itemfeedback>
        <itemfeedback ident="incorrect_fb_q3_27aff8ac">
          <flow_mat>
            <material>
              <mattext texttype="text/html">&lt;p&gt;&lt;strong&gt;The correct answer is C.&lt;/strong&gt;&lt;/p&gt;&lt;p&gt;Diamond&amp;#39;s analysis of criminal responsibility acknowledges that legal systems must balance Type I errors (convicting innocents) against Type II errors (acquitting the guilty). Both films show these errors occurring: Aaron exploits mental illness claims to avoid accountability (Type II error); Carter is convicted despite innocence (Type I error). Mental illness complicates both because it&amp;#39;s difficult to assess and can be feigned or ignored.&lt;/p&gt;&lt;p&gt;&lt;strong&gt;Why other answers are incorrect:&lt;/strong&gt;&lt;/p&gt;&lt;ul&gt;&lt;li&gt;&lt;strong&gt;A:&lt;/strong&gt; This wouldn&amp;#39;t solve either problem and isn&amp;#39;t supported by the films.&lt;/li&gt;&lt;li&gt;&lt;strong&gt;B:&lt;/strong&gt; Too absolute. Mental illness is one complicating factor among many.&lt;/li&gt;&lt;li&gt;&lt;strong&gt;D:&lt;/strong&gt; Both films show that responsibility determination is subjective and error-prone.&lt;/li&gt;&lt;/ul&gt;</mattext>
            </material>
          </flow_mat>
        </itemfeedback>
      </item>
      <item ident="q4_009a55d3" title="Question 4">
        <itemmetadata>
          <qtimetadata>
            <qtimetadatafield>
              <fieldlabel>question_type</fieldlabel>
              <fieldentry>multiple_choice_question</fieldentry>
            </qtimetadatafield>
            <qtimetadatafield>
              <fieldlabel>points_possible</fieldlabel>
              <fieldentry>10</fieldentry>
            </qtimetadatafield>
            <qtimetadatafield>
              <fieldlabel>assessment_question_identifierref</fieldlabel>
              <fieldentry>q4_009a55d3</fieldentry>
            </qtimetadatafield>
          </qtimetadata>
        </itemmetadata>
        <presentation>
          <material>
            <mattext texttype="text/html">&lt;p&gt;Carter refused to wear prison clothes or participate in prison programs. According to McKnight &amp;amp; Kashdan (2009), how might this defiance relate to purpose maintenance?&lt;/p&gt;</mattext>
          </material>
          <response_lid ident="response_q4_009a55d3" rcardinality="Single">
            <render_choice>
              <response_label ident="A">
                <material>
                  <mattext texttype="text/html">&lt;p&gt;Defiance indicates purpose rejection&lt;/p&gt;</mattext>
                </material>
              </response_label>
              <response_label ident="B">
                <material>
                  <mattext texttype="text/html">&lt;p&gt;Maintaining identity boundaries preserves the self-organizing system of purpose even when external circumstances are uncontrollable&lt;/p&gt;</mattext>
                </material>
              </response_label>
              <response_label ident="C">
                <material>
                  <mattext texttype="text/html">&lt;p&gt;Purpose cannot exist within incarceration&lt;/p&gt;</mattext>
                </material>
              </response_label>
              <response_label ident="D">
                <material>
                  <mattext texttype="text/html">&lt;p&gt;Defiance is always maladaptive&lt;/p&gt;</mattext>
                </material>
              </response_label>
            </render_choice>
          </response_lid>
        </presentation>
        <resprocessing>
          <outcomes>
            <decvar maxvalue="100" minvalue="0" varname="SCORE" vartype="Decimal"/>
          </outcomes>
          <respcondition continue="No">
            <conditionvar>
              <varequal respident="response_q4_009a55d3">B</varequal>
            </conditionvar>
            <setvar action="Set" varname="SCORE">100</setvar>
          </respcondition>
        </resprocessing>
        <itemfeedback ident="correct_fb_q4_009a55d3">
          <flow_mat>
            <material>
              <mattext texttype="text/html">&lt;p&gt;&lt;strong&gt;Correct!&lt;/strong&gt;&lt;/p&gt;&lt;p&gt;McKnight &amp;amp; Kashdan describe purpose as a self-organizing system that maintains itself through consistent behavior aligned with core values. Carter&amp;#39;s defiance maintains his identity as an innocent man, not a criminal. By refusing prison clothing and programs, he preserves the boundary between who he IS (innocent fighter) and what the system claims he is (convicted murderer). This boundary maintenance sustains his purpose even when he can&amp;#39;t change his circumstances.&lt;/p&gt;</mattext>
            </material>
          </flow_mat>
        </itemfeedback>
        <itemfeedback ident="incorrect_fb_q4_009a55d3">
          <flow_mat>
            <material>
              <mattext texttype="text/html">&lt;p&gt;&lt;strong&gt;The correct answer is B.&lt;/strong&gt;&lt;/p&gt;&lt;p&gt;McKnight &amp;amp; Kashdan describe purpose as a self-organizing system that maintains itself through consistent behavior aligned with core values. Carter&amp;#39;s defiance maintains his identity as an innocent man, not a criminal. By refusing prison clothing and programs, he preserves the boundary between who he IS (innocent fighter) and what the system claims he is (convicted murderer). This boundary maintenance sustains his purpose even when he can&amp;#39;t change his circumstances.&lt;/p&gt;&lt;p&gt;&lt;strong&gt;Why other answers are incorrect:&lt;/strong&gt;&lt;/p&gt;&lt;ul&gt;&lt;li&gt;&lt;strong&gt;A:&lt;/strong&gt; The opposite: defiance MAINTAINS purpose by preserving identity.&lt;/li&gt;&lt;li&gt;&lt;strong&gt;C:&lt;/strong&gt; Carter demonstrates that purpose can persist in incarceration through identity maintenance.&lt;/li&gt;&lt;li&gt;&lt;strong&gt;D:&lt;/strong&gt; In this context, defiance served adaptive identity-protective functions.&lt;/li&gt;&lt;/ul&gt;</mattext>
            </material>
          </flow_mat>
        </itemfeedback>
      </item>
      <item ident="q5_86772445" title="Question 5">
        <itemmetadata>
          <qtimetadata>
            <qtimetadatafield>
              <fieldlabel>question_type</fieldlabel>
              <fieldentry>multiple_choice_question</fieldentry>
            </qtimetadatafield>
            <qtimetadatafield>
              <fieldlabel>points_possible</fieldlabel>
              <fieldentry>10</fieldentry>
            </qtimetadatafield>
            <qtimetadatafield>
              <fieldlabel>assessment_question_identifierref</fieldlabel>
              <fieldentry>q5_86772445</fieldentry>
            </qtimetadatafield>
          </qtimetadata>
        </itemmetadata>
        <presentation>
          <material>
            <mattext texttype="text/html">&lt;p&gt;Both films feature attorneys who believe their clients. What does Shermer&amp;#39;s (2002) analysis of &amp;quot;smart people believing weird things&amp;quot; suggest about expert vulnerability to deception?&lt;/p&gt;</mattext>
          </material>
          <response_lid ident="response_q5_86772445" rcardinality="Single">
            <render_choice>
              <response_label ident="A">
                <material>
                  <mattext texttype="text/html">&lt;p&gt;Legal training specifically protects against deception&lt;/p&gt;</mattext>
                </material>
              </response_label>
              <response_label ident="B">
                <material>
                  <mattext texttype="text/html">&lt;p&gt;Attorneys are randomly selected for gullibility&lt;/p&gt;</mattext>
                </material>
              </response_label>
              <response_label ident="C">
                <material>
                  <mattext texttype="text/html">&lt;p&gt;Expertise provides sophisticated tools for rationalizing conclusions reached through intuition and emotional investment&lt;/p&gt;</mattext>
                </material>
              </response_label>
              <response_label ident="D">
                <material>
                  <mattext texttype="text/html">&lt;p&gt;Smart people never believe false things&lt;/p&gt;</mattext>
                </material>
              </response_label>
            </render_choice>
          </response_lid>
        </presentation>
        <resprocessing>
          <outcomes>
            <decvar maxvalue="100" minvalue="0" varname="SCORE" vartype="Decimal"/>
          </outcomes>
          <respcondition continue="No">
            <conditionvar>
              <varequal respident="response_q5_86772445">C</varequal>
            </conditionvar>
            <setvar action="Set" varname="SCORE">100</setvar>
          </respcondition>
        </resprocessing>
        <itemfeedback ident="correct_fb_q5_86772445">
          <flow_mat>
            <material>
              <mattext texttype="text/html">&lt;p&gt;&lt;strong&gt;Correct!&lt;/strong&gt;&lt;/p&gt;&lt;p&gt;Shermer&amp;#39;s core insight is that intelligence and expertise provide better tools for RATIONALIZATION, not better truth-detection. Vail&amp;#39;s legal expertise allowed him to construct sophisticated justifications for believing Aaron. Carter&amp;#39;s attorneys had expertise that helped them build an innocence case. In both directions, expertise serves to support pre-existing conclusions rather than objectively evaluate them. Smart professionals use their skills to defend their beliefs.&lt;/p&gt;</mattext>
            </material>
          </flow_mat>
        </itemfeedback>
        <itemfeedback ident="incorrect_fb_q5_86772445">
          <flow_mat>
            <material>
              <mattext texttype="text/html">&lt;p&gt;&lt;strong&gt;The correct answer is C.&lt;/strong&gt;&lt;/p&gt;&lt;p&gt;Shermer&amp;#39;s core insight is that intelligence and expertise provide better tools for RATIONALIZATION, not better truth-detection. Vail&amp;#39;s legal expertise allowed him to construct sophisticated justifications for believing Aaron. Carter&amp;#39;s attorneys had expertise that helped them build an innocence case. In both directions, expertise serves to support pre-existing conclusions rather than objectively evaluate them. Smart professionals use their skills to defend their beliefs.&lt;/p&gt;&lt;p&gt;&lt;strong&gt;Why other answers are incorrect:&lt;/strong&gt;&lt;/p&gt;&lt;ul&gt;&lt;li&gt;&lt;strong&gt;A:&lt;/strong&gt; The opposite: Vail&amp;#39;s expertise was used to rationalize his belief in Aaron.&lt;/li&gt;&lt;li&gt;&lt;strong&gt;B:&lt;/strong&gt; Expertise isn&amp;#39;t random; the point is that expertise doesn&amp;#39;t protect against motivated reasoning.&lt;/li&gt;&lt;li&gt;&lt;strong&gt;D:&lt;/strong&gt; Directly contradicts Shermer&amp;#39;s thesis.&lt;/li&gt;&lt;/ul&gt;</mattext>
            </material>
          </flow_mat>
        </itemfeedback>
      </item>
    </section>
  </assessment>
</questestinterop>
