<?xml version="1.0" ?>
<questestinterop xmlns="http://www.imsglobal.org/xsd/ims_qtiasiv1p2">
  <assessment ident="quiz5_b733aff4" title="Quiz 5: Sunset Boulevard">
    <qtimetadata>
      <qtimetadatafield>
        <fieldlabel>qmd_timelimit</fieldlabel>
        <fieldentry/>
      </qtimetadatafield>
      <qtimetadatafield>
        <fieldlabel>cc_maxattempts</fieldlabel>
        <fieldentry>1</fieldentry>
      </qtimetadatafield>
    </qtimetadata>
    <section ident="section_quiz5_b733aff4">
      <item ident="q1_cc57eb9a" title="Question 1">
        <itemmetadata>
          <qtimetadata>
            <qtimetadatafield>
              <fieldlabel>question_type</fieldlabel>
              <fieldentry>multiple_choice_question</fieldentry>
            </qtimetadatafield>
            <qtimetadatafield>
              <fieldlabel>points_possible</fieldlabel>
              <fieldentry>10</fieldentry>
            </qtimetadatafield>
            <qtimetadatafield>
              <fieldlabel>assessment_question_identifierref</fieldlabel>
              <fieldentry>q1_cc57eb9a</fieldentry>
            </qtimetadatafield>
          </qtimetadata>
        </itemmetadata>
        <presentation>
          <material>
            <mattext texttype="text/html">&lt;p&gt;Norma Desmond maintains her belief that she is still a great star despite overwhelming evidence to the contrary. According to Boudry and Braeckman (2012), which &amp;quot;immunizing strategy&amp;quot; is most evident in her belief system?&lt;/p&gt;</mattext>
          </material>
          <response_lid ident="response_q1_cc57eb9a" rcardinality="Single">
            <render_choice>
              <response_label ident="A">
                <material>
                  <mattext texttype="text/html">&lt;p&gt;Redefining success criteria to match current status&lt;/p&gt;</mattext>
                </material>
              </response_label>
              <response_label ident="B">
                <material>
                  <mattext texttype="text/html">&lt;p&gt;Reinterpreting contradictory evidence (fan mail, phone calls) as confirmation rather than disconfirmation&lt;/p&gt;</mattext>
                </material>
              </response_label>
              <response_label ident="C">
                <material>
                  <mattext texttype="text/html">&lt;p&gt;Attacking the credibility of critics&lt;/p&gt;</mattext>
                </material>
              </response_label>
              <response_label ident="D">
                <material>
                  <mattext texttype="text/html">&lt;p&gt;Appealing to future vindication&lt;/p&gt;</mattext>
                </material>
              </response_label>
            </render_choice>
          </response_lid>
        </presentation>
        <resprocessing>
          <outcomes>
            <decvar maxvalue="100" minvalue="0" varname="SCORE" vartype="Decimal"/>
          </outcomes>
          <respcondition continue="No">
            <conditionvar>
              <varequal respident="response_q1_cc57eb9a">B</varequal>
            </conditionvar>
            <setvar action="Set" varname="SCORE">100</setvar>
          </respcondition>
        </resprocessing>
        <itemfeedback ident="correct_fb_q1_cc57eb9a">
          <flow_mat>
            <material>
              <mattext texttype="text/html">&lt;p&gt;&lt;strong&gt;Correct!&lt;/strong&gt;&lt;/p&gt;&lt;p&gt;Norma&amp;#39;s belief system is sustained by reinterpreting evidence. The fake fan mail Max sends becomes &amp;quot;proof&amp;quot; of her enduring stardom. When Cecil B. DeMille&amp;#39;s studio calls about using her car (not her), she interprets it as them wanting HER. Every piece of evidence that could disconfirm her star status is reinterpreted as confirmation. This is classic immunizing strategy - the belief system processes information in a way that makes disconfirmation impossible.&lt;/p&gt;</mattext>
            </material>
          </flow_mat>
        </itemfeedback>
        <itemfeedback ident="incorrect_fb_q1_cc57eb9a">
          <flow_mat>
            <material>
              <mattext texttype="text/html">&lt;p&gt;&lt;strong&gt;The correct answer is B.&lt;/strong&gt;&lt;/p&gt;&lt;p&gt;Norma&amp;#39;s belief system is sustained by reinterpreting evidence. The fake fan mail Max sends becomes &amp;quot;proof&amp;quot; of her enduring stardom. When Cecil B. DeMille&amp;#39;s studio calls about using her car (not her), she interprets it as them wanting HER. Every piece of evidence that could disconfirm her star status is reinterpreted as confirmation. This is classic immunizing strategy - the belief system processes information in a way that makes disconfirmation impossible.&lt;/p&gt;&lt;p&gt;&lt;strong&gt;Why other answers are incorrect:&lt;/strong&gt;&lt;/p&gt;&lt;ul&gt;&lt;li&gt;&lt;strong&gt;A:&lt;/strong&gt; Norma doesn&amp;#39;t redefine what stardom means; she maintains the original definition and insists she still meets it.&lt;/li&gt;&lt;li&gt;&lt;strong&gt;C:&lt;/strong&gt; While Norma dismisses the studio system, she doesn&amp;#39;t primarily use attacks on critics as her defense mechanism.&lt;/li&gt;&lt;li&gt;&lt;strong&gt;D:&lt;/strong&gt; Norma believes she IS still a star NOW, not that she will be vindicated later.&lt;/li&gt;&lt;/ul&gt;</mattext>
            </material>
          </flow_mat>
        </itemfeedback>
      </item>
      <item ident="q2_4ea7b961" title="Question 2">
        <itemmetadata>
          <qtimetadata>
            <qtimetadatafield>
              <fieldlabel>question_type</fieldlabel>
              <fieldentry>multiple_choice_question</fieldentry>
            </qtimetadatafield>
            <qtimetadatafield>
              <fieldlabel>points_possible</fieldlabel>
              <fieldentry>10</fieldentry>
            </qtimetadatafield>
            <qtimetadatafield>
              <fieldlabel>assessment_question_identifierref</fieldlabel>
              <fieldentry>q2_4ea7b961</fieldentry>
            </qtimetadatafield>
          </qtimetadata>
        </itemmetadata>
        <presentation>
          <material>
            <mattext texttype="text/html">&lt;p&gt;Max von Mayerling&amp;#39;s devotion to Norma - including writing her fake fan mail - represents which psychological dynamic?&lt;/p&gt;</mattext>
          </material>
          <response_lid ident="response_q2_4ea7b961" rcardinality="Single">
            <render_choice>
              <response_label ident="A">
                <material>
                  <mattext texttype="text/html">&lt;p&gt;Stockholm syndrome from prolonged captivity&lt;/p&gt;</mattext>
                </material>
              </response_label>
              <response_label ident="B">
                <material>
                  <mattext texttype="text/html">&lt;p&gt;Codependent enabling that maintains pathological equilibrium&lt;/p&gt;</mattext>
                </material>
              </response_label>
              <response_label ident="C">
                <material>
                  <mattext texttype="text/html">&lt;p&gt;Purpose-driven behavior (McKnight &amp;amp; Kashdan, 2009) where his identity and meaning derive entirely from serving Norma&lt;/p&gt;</mattext>
                </material>
              </response_label>
              <response_label ident="D">
                <material>
                  <mattext texttype="text/html">&lt;p&gt;Instrumental caregiving for financial benefit&lt;/p&gt;</mattext>
                </material>
              </response_label>
            </render_choice>
          </response_lid>
        </presentation>
        <resprocessing>
          <outcomes>
            <decvar maxvalue="100" minvalue="0" varname="SCORE" vartype="Decimal"/>
          </outcomes>
          <respcondition continue="No">
            <conditionvar>
              <varequal respident="response_q2_4ea7b961">C</varequal>
            </conditionvar>
            <setvar action="Set" varname="SCORE">100</setvar>
          </respcondition>
        </resprocessing>
        <itemfeedback ident="correct_fb_q2_4ea7b961">
          <flow_mat>
            <material>
              <mattext texttype="text/html">&lt;p&gt;&lt;strong&gt;Correct!&lt;/strong&gt;&lt;/p&gt;&lt;p&gt;Max&amp;#39;s behavior exemplifies McKnight &amp;amp; Kashdan&amp;#39;s concept of purpose as a self-organizing system - but organized around another person rather than autonomous goals. Max&amp;#39;s entire identity and meaning derive from serving Norma. This is purpose, but it&amp;#39;s externally-located purpose that maintains another&amp;#39;s delusion. His fake fan mail, his butler role (despite being her ex-husband and former director), all serve to sustain her and thereby sustain his reason for existing.&lt;/p&gt;</mattext>
            </material>
          </flow_mat>
        </itemfeedback>
        <itemfeedback ident="incorrect_fb_q2_4ea7b961">
          <flow_mat>
            <material>
              <mattext texttype="text/html">&lt;p&gt;&lt;strong&gt;The correct answer is C.&lt;/strong&gt;&lt;/p&gt;&lt;p&gt;Max&amp;#39;s behavior exemplifies McKnight &amp;amp; Kashdan&amp;#39;s concept of purpose as a self-organizing system - but organized around another person rather than autonomous goals. Max&amp;#39;s entire identity and meaning derive from serving Norma. This is purpose, but it&amp;#39;s externally-located purpose that maintains another&amp;#39;s delusion. His fake fan mail, his butler role (despite being her ex-husband and former director), all serve to sustain her and thereby sustain his reason for existing.&lt;/p&gt;&lt;p&gt;&lt;strong&gt;Why other answers are incorrect:&lt;/strong&gt;&lt;/p&gt;&lt;ul&gt;&lt;li&gt;&lt;strong&gt;A:&lt;/strong&gt; Max isn&amp;#39;t a captive; he freely chooses to stay and serve. His devotion is volitional, not coerced.&lt;/li&gt;&lt;li&gt;&lt;strong&gt;B:&lt;/strong&gt; While codependency is present, &amp;quot;purpose-driven behavior&amp;quot; better captures Max&amp;#39;s active construction of meaning through service.&lt;/li&gt;&lt;li&gt;&lt;strong&gt;D:&lt;/strong&gt; Max isn&amp;#39;t financially motivated; he could have wealth and status elsewhere as a former director.&lt;/li&gt;&lt;/ul&gt;</mattext>
            </material>
          </flow_mat>
        </itemfeedback>
      </item>
      <item ident="q3_93673b84" title="Question 3">
        <itemmetadata>
          <qtimetadata>
            <qtimetadatafield>
              <fieldlabel>question_type</fieldlabel>
              <fieldentry>multiple_choice_question</fieldentry>
            </qtimetadatafield>
            <qtimetadatafield>
              <fieldlabel>points_possible</fieldlabel>
              <fieldentry>10</fieldentry>
            </qtimetadatafield>
            <qtimetadatafield>
              <fieldlabel>assessment_question_identifierref</fieldlabel>
              <fieldentry>q3_93673b84</fieldentry>
            </qtimetadatafield>
          </qtimetadata>
        </itemmetadata>
        <presentation>
          <material>
            <mattext texttype="text/html">&lt;p&gt;Joe Gillis recognizes Norma&amp;#39;s delusions but remains in the mansion. According to emotion differentiation research (Kashdan et al., 2015), what does his inability to leave suggest about his emotional processing?&lt;/p&gt;</mattext>
          </material>
          <response_lid ident="response_q3_93673b84" rcardinality="Single">
            <render_choice>
              <response_label ident="A">
                <material>
                  <mattext texttype="text/html">&lt;p&gt;High emotion differentiation leading to analysis paralysis&lt;/p&gt;</mattext>
                </material>
              </response_label>
              <response_label ident="B">
                <material>
                  <mattext texttype="text/html">&lt;p&gt;Low emotion differentiation, unable to distinguish between comfort, fear, pity, and self-interest, leading to maladaptive behavior&lt;/p&gt;</mattext>
                </material>
              </response_label>
              <response_label ident="C">
                <material>
                  <mattext texttype="text/html">&lt;p&gt;Successful emotion suppression enabling rational decision-making&lt;/p&gt;</mattext>
                </material>
              </response_label>
              <response_label ident="D">
                <material>
                  <mattext texttype="text/html">&lt;p&gt;Emotional flooding preventing any cognitive evaluation&lt;/p&gt;</mattext>
                </material>
              </response_label>
            </render_choice>
          </response_lid>
        </presentation>
        <resprocessing>
          <outcomes>
            <decvar maxvalue="100" minvalue="0" varname="SCORE" vartype="Decimal"/>
          </outcomes>
          <respcondition continue="No">
            <conditionvar>
              <varequal respident="response_q3_93673b84">B</varequal>
            </conditionvar>
            <setvar action="Set" varname="SCORE">100</setvar>
          </respcondition>
        </resprocessing>
        <itemfeedback ident="correct_fb_q3_93673b84">
          <flow_mat>
            <material>
              <mattext texttype="text/html">&lt;p&gt;&lt;strong&gt;Correct!&lt;/strong&gt;&lt;/p&gt;&lt;p&gt;Joe experiences multiple emotions (comfort from luxury, fear of Norma&amp;#39;s instability, pity for her situation, self-interest in her money) but cannot differentiate them clearly enough to make adaptive decisions. Kashdan et al.&amp;#39;s research shows that low differentiators struggle to select appropriate responses because they can&amp;#39;t identify which specific emotion requires addressing. Joe&amp;#39;s paralysis reflects this undifferentiated emotional experience.&lt;/p&gt;</mattext>
            </material>
          </flow_mat>
        </itemfeedback>
        <itemfeedback ident="incorrect_fb_q3_93673b84">
          <flow_mat>
            <material>
              <mattext texttype="text/html">&lt;p&gt;&lt;strong&gt;The correct answer is B.&lt;/strong&gt;&lt;/p&gt;&lt;p&gt;Joe experiences multiple emotions (comfort from luxury, fear of Norma&amp;#39;s instability, pity for her situation, self-interest in her money) but cannot differentiate them clearly enough to make adaptive decisions. Kashdan et al.&amp;#39;s research shows that low differentiators struggle to select appropriate responses because they can&amp;#39;t identify which specific emotion requires addressing. Joe&amp;#39;s paralysis reflects this undifferentiated emotional experience.&lt;/p&gt;&lt;p&gt;&lt;strong&gt;Why other answers are incorrect:&lt;/strong&gt;&lt;/p&gt;&lt;ul&gt;&lt;li&gt;&lt;strong&gt;A:&lt;/strong&gt; High differentiation typically enables better decisions, not paralysis. Analysis paralysis from too much information is different from undifferentiated emotional confusion.&lt;/li&gt;&lt;li&gt;&lt;strong&gt;C:&lt;/strong&gt; Joe&amp;#39;s decisions are clearly NOT rational; successful suppression would produce better outcomes.&lt;/li&gt;&lt;li&gt;&lt;strong&gt;D:&lt;/strong&gt; Flooding implies overwhelming intensity. Joe seems numb rather than overwhelmed.&lt;/li&gt;&lt;/ul&gt;</mattext>
            </material>
          </flow_mat>
        </itemfeedback>
      </item>
      <item ident="q4_e47f3e3c" title="Question 4">
        <itemmetadata>
          <qtimetadata>
            <qtimetadatafield>
              <fieldlabel>question_type</fieldlabel>
              <fieldentry>multiple_choice_question</fieldentry>
            </qtimetadatafield>
            <qtimetadatafield>
              <fieldlabel>points_possible</fieldlabel>
              <fieldentry>10</fieldentry>
            </qtimetadatafield>
            <qtimetadatafield>
              <fieldlabel>assessment_question_identifierref</fieldlabel>
              <fieldentry>q4_e47f3e3c</fieldentry>
            </qtimetadatafield>
          </qtimetadata>
        </itemmetadata>
        <presentation>
          <material>
            <mattext texttype="text/html">&lt;p&gt;The film&amp;#39;s famous final line - &amp;quot;All right, Mr. DeMille, I&amp;#39;m ready for my close-up&amp;quot; - represents Norma&amp;#39;s complete break from reality. Which psychological construct best explains why this delusion provides her relief rather than distress?&lt;/p&gt;</mattext>
          </material>
          <response_lid ident="response_q4_e47f3e3c" rcardinality="Single">
            <render_choice>
              <response_label ident="A">
                <material>
                  <mattext texttype="text/html">&lt;p&gt;Depersonalization reduces emotional pain&lt;/p&gt;</mattext>
                </material>
              </response_label>
              <response_label ident="B">
                <material>
                  <mattext texttype="text/html">&lt;p&gt;Psychotic states are inherently pleasurable&lt;/p&gt;</mattext>
                </material>
              </response_label>
              <response_label ident="C">
                <material>
                  <mattext texttype="text/html">&lt;p&gt;The delusion resolves cognitive dissonance between her self-concept and reality, eliminating the painful gap&lt;/p&gt;</mattext>
                </material>
              </response_label>
              <response_label ident="D">
                <material>
                  <mattext texttype="text/html">&lt;p&gt;Audience attention activates reward circuits regardless of context&lt;/p&gt;</mattext>
                </material>
              </response_label>
            </render_choice>
          </response_lid>
        </presentation>
        <resprocessing>
          <outcomes>
            <decvar maxvalue="100" minvalue="0" varname="SCORE" vartype="Decimal"/>
          </outcomes>
          <respcondition continue="No">
            <conditionvar>
              <varequal respident="response_q4_e47f3e3c">C</varequal>
            </conditionvar>
            <setvar action="Set" varname="SCORE">100</setvar>
          </respcondition>
        </resprocessing>
        <itemfeedback ident="correct_fb_q4_e47f3e3c">
          <flow_mat>
            <material>
              <mattext texttype="text/html">&lt;p&gt;&lt;strong&gt;Correct!&lt;/strong&gt;&lt;/p&gt;&lt;p&gt;Throughout the film, Norma experiences the painful gap between her self-concept (great star) and reality (forgotten relic). Her final delusion eliminates this gap entirely - she IS making her comeback, the cameras ARE rolling for her, she IS descending a staircase for her adoring audience. By fully inhabiting the delusion, she resolves the cognitive dissonance that caused her suffering. The delusion is &amp;quot;successful&amp;quot; emotion regulation, even though it&amp;#39;s completely maladaptive.&lt;/p&gt;</mattext>
            </material>
          </flow_mat>
        </itemfeedback>
        <itemfeedback ident="incorrect_fb_q4_e47f3e3c">
          <flow_mat>
            <material>
              <mattext texttype="text/html">&lt;p&gt;&lt;strong&gt;The correct answer is C.&lt;/strong&gt;&lt;/p&gt;&lt;p&gt;Throughout the film, Norma experiences the painful gap between her self-concept (great star) and reality (forgotten relic). Her final delusion eliminates this gap entirely - she IS making her comeback, the cameras ARE rolling for her, she IS descending a staircase for her adoring audience. By fully inhabiting the delusion, she resolves the cognitive dissonance that caused her suffering. The delusion is &amp;quot;successful&amp;quot; emotion regulation, even though it&amp;#39;s completely maladaptive.&lt;/p&gt;&lt;p&gt;&lt;strong&gt;Why other answers are incorrect:&lt;/strong&gt;&lt;/p&gt;&lt;ul&gt;&lt;li&gt;&lt;strong&gt;A:&lt;/strong&gt; Norma doesn&amp;#39;t show depersonalization; she&amp;#39;s MORE identified with her star persona, not less connected to self.&lt;/li&gt;&lt;li&gt;&lt;strong&gt;B:&lt;/strong&gt; Psychotic states are often terrifying. The pleasure here is specific to the CONTENT of the delusion, not psychosis generally.&lt;/li&gt;&lt;li&gt;&lt;strong&gt;D:&lt;/strong&gt; While true, this doesn&amp;#39;t explain why DELUSIONAL attention would work the same way.&lt;/li&gt;&lt;/ul&gt;</mattext>
            </material>
          </flow_mat>
        </itemfeedback>
      </item>
      <item ident="q5_e06ef337" title="Question 5">
        <itemmetadata>
          <qtimetadata>
            <qtimetadatafield>
              <fieldlabel>question_type</fieldlabel>
              <fieldentry>multiple_choice_question</fieldentry>
            </qtimetadatafield>
            <qtimetadatafield>
              <fieldlabel>points_possible</fieldlabel>
              <fieldentry>10</fieldentry>
            </qtimetadatafield>
            <qtimetadatafield>
              <fieldlabel>assessment_question_identifierref</fieldlabel>
              <fieldentry>q5_e06ef337</fieldentry>
            </qtimetadatafield>
          </qtimetadata>
        </itemmetadata>
        <presentation>
          <material>
            <mattext texttype="text/html">&lt;p&gt;Norma&amp;#39;s belief system exhibits what Shermer calls &amp;quot;smart person&amp;#39;s folly&amp;quot; - the use of sophisticated reasoning to defend irrational beliefs. Which element of her background makes this particularly applicable?&lt;/p&gt;</mattext>
          </material>
          <response_lid ident="response_q5_e06ef337" rcardinality="Single">
            <render_choice>
              <response_label ident="A">
                <material>
                  <mattext texttype="text/html">&lt;p&gt;Her advanced age and cognitive decline&lt;/p&gt;</mattext>
                </material>
              </response_label>
              <response_label ident="B">
                <material>
                  <mattext texttype="text/html">&lt;p&gt;Her isolation from contradictory information&lt;/p&gt;</mattext>
                </material>
              </response_label>
              <response_label ident="C">
                <material>
                  <mattext texttype="text/html">&lt;p&gt;Her genuine past expertise and success, which she uses to construct elaborate justifications for her current status&lt;/p&gt;</mattext>
                </material>
              </response_label>
              <response_label ident="D">
                <material>
                  <mattext texttype="text/html">&lt;p&gt;Her financial resources that insulate her from consequences&lt;/p&gt;</mattext>
                </material>
              </response_label>
            </render_choice>
          </response_lid>
        </presentation>
        <resprocessing>
          <outcomes>
            <decvar maxvalue="100" minvalue="0" varname="SCORE" vartype="Decimal"/>
          </outcomes>
          <respcondition continue="No">
            <conditionvar>
              <varequal respident="response_q5_e06ef337">C</varequal>
            </conditionvar>
            <setvar action="Set" varname="SCORE">100</setvar>
          </respcondition>
        </resprocessing>
        <itemfeedback ident="correct_fb_q5_e06ef337">
          <flow_mat>
            <material>
              <mattext texttype="text/html">&lt;p&gt;&lt;strong&gt;Correct!&lt;/strong&gt;&lt;/p&gt;&lt;p&gt;Shermer&amp;#39;s &amp;quot;smart person&amp;#39;s folly&amp;quot; applies specifically to people who have genuine expertise and use it to rationalize irrational beliefs. Norma WAS a great star - her knowledge of film, performance, and stardom is real. She uses this expertise to construct elaborate justifications: she understands what stardom SHOULD look like and can explain why silent film was superior, why she&amp;#39;s &amp;quot;ready for her return,&amp;quot; why the industry has declined. Her expertise makes her rationalizations more sophisticated and harder to challenge.&lt;/p&gt;</mattext>
            </material>
          </flow_mat>
        </itemfeedback>
        <itemfeedback ident="incorrect_fb_q5_e06ef337">
          <flow_mat>
            <material>
              <mattext texttype="text/html">&lt;p&gt;&lt;strong&gt;The correct answer is C.&lt;/strong&gt;&lt;/p&gt;&lt;p&gt;Shermer&amp;#39;s &amp;quot;smart person&amp;#39;s folly&amp;quot; applies specifically to people who have genuine expertise and use it to rationalize irrational beliefs. Norma WAS a great star - her knowledge of film, performance, and stardom is real. She uses this expertise to construct elaborate justifications: she understands what stardom SHOULD look like and can explain why silent film was superior, why she&amp;#39;s &amp;quot;ready for her return,&amp;quot; why the industry has declined. Her expertise makes her rationalizations more sophisticated and harder to challenge.&lt;/p&gt;&lt;p&gt;&lt;strong&gt;Why other answers are incorrect:&lt;/strong&gt;&lt;/p&gt;&lt;ul&gt;&lt;li&gt;&lt;strong&gt;A:&lt;/strong&gt; No evidence of cognitive decline; Norma is sharp and articulate. Age alone doesn&amp;#39;t explain &amp;quot;smart person&amp;#39;s folly.&amp;quot;&lt;/li&gt;&lt;li&gt;&lt;strong&gt;B:&lt;/strong&gt; While true, isolation doesn&amp;#39;t explain the sophisticated USE of reasoning to defend beliefs.&lt;/li&gt;&lt;li&gt;&lt;strong&gt;D:&lt;/strong&gt; Money protects her from consequences but doesn&amp;#39;t explain the cognitive mechanism of rationalization.&lt;/li&gt;&lt;/ul&gt;</mattext>
            </material>
          </flow_mat>
        </itemfeedback>
      </item>
    </section>
  </assessment>
</questestinterop>
