<?xml version="1.0" ?>
<questestinterop xmlns="http://www.imsglobal.org/xsd/ims_qtiasiv1p2">
  <assessment ident="quiz9_bf25d7b0" title="Quiz 9: What">
    <qtimetadata>
      <qtimetadatafield>
        <fieldlabel>qmd_timelimit</fieldlabel>
        <fieldentry/>
      </qtimetadatafield>
      <qtimetadatafield>
        <fieldlabel>cc_maxattempts</fieldlabel>
        <fieldentry>1</fieldentry>
      </qtimetadatafield>
    </qtimetadata>
    <section ident="section_quiz9_bf25d7b0">
      <item ident="q1_61e850fd" title="Question 1">
        <itemmetadata>
          <qtimetadata>
            <qtimetadatafield>
              <fieldlabel>question_type</fieldlabel>
              <fieldentry>multiple_choice_question</fieldentry>
            </qtimetadatafield>
            <qtimetadatafield>
              <fieldlabel>points_possible</fieldlabel>
              <fieldentry>10</fieldentry>
            </qtimetadatafield>
            <qtimetadatafield>
              <fieldlabel>assessment_question_identifierref</fieldlabel>
              <fieldentry>q1_61e850fd</fieldentry>
            </qtimetadatafield>
          </qtimetadata>
        </itemmetadata>
        <presentation>
          <material>
            <mattext texttype="text/html">&lt;p&gt;Gilbert Grape has assumed the caregiver role for his entire family, including his intellectually disabled brother Arnie. According to McKnight &amp;amp; Kashdan (2009), how might this role affect his sense of purpose?&lt;/p&gt;</mattext>
          </material>
          <response_lid ident="response_q1_61e850fd" rcardinality="Single">
            <render_choice>
              <response_label ident="A">
                <material>
                  <mattext texttype="text/html">&lt;p&gt;Caregiving provides automatic, healthy purpose&lt;/p&gt;</mattext>
                </material>
              </response_label>
              <response_label ident="B">
                <material>
                  <mattext texttype="text/html">&lt;p&gt;Externally imposed obligations can substitute for authentic purpose, creating meaning without self-concordance&lt;/p&gt;</mattext>
                </material>
              </response_label>
              <response_label ident="C">
                <material>
                  <mattext texttype="text/html">&lt;p&gt;Family responsibilities always enhance well-being&lt;/p&gt;</mattext>
                </material>
              </response_label>
              <response_label ident="D">
                <material>
                  <mattext texttype="text/html">&lt;p&gt;Purpose cannot develop in constraining environments&lt;/p&gt;</mattext>
                </material>
              </response_label>
            </render_choice>
          </response_lid>
        </presentation>
        <resprocessing>
          <outcomes>
            <decvar maxvalue="100" minvalue="0" varname="SCORE" vartype="Decimal"/>
          </outcomes>
          <respcondition continue="No">
            <conditionvar>
              <varequal respident="response_q1_61e850fd">B</varequal>
            </conditionvar>
            <setvar action="Set" varname="SCORE">100</setvar>
          </respcondition>
        </resprocessing>
        <itemfeedback ident="correct_fb_q1_61e850fd">
          <flow_mat>
            <material>
              <mattext texttype="text/html">&lt;p&gt;&lt;strong&gt;Correct!&lt;/strong&gt;&lt;/p&gt;&lt;p&gt;McKnight &amp;amp; Kashdan distinguish between imposed obligations and self-concordant purpose. Gilbert didn&amp;#39;t CHOOSE his caregiver role; it was imposed by family circumstances after his father&amp;#39;s suicide. While caregiving provides structure and meaning, it lacks self-concordance - alignment with personally chosen values and goals. Gilbert has purpose-like structure without authentic purpose, which explains his dissatisfaction despite having clear direction.&lt;/p&gt;</mattext>
            </material>
          </flow_mat>
        </itemfeedback>
        <itemfeedback ident="incorrect_fb_q1_61e850fd">
          <flow_mat>
            <material>
              <mattext texttype="text/html">&lt;p&gt;&lt;strong&gt;The correct answer is B.&lt;/strong&gt;&lt;/p&gt;&lt;p&gt;McKnight &amp;amp; Kashdan distinguish between imposed obligations and self-concordant purpose. Gilbert didn&amp;#39;t CHOOSE his caregiver role; it was imposed by family circumstances after his father&amp;#39;s suicide. While caregiving provides structure and meaning, it lacks self-concordance - alignment with personally chosen values and goals. Gilbert has purpose-like structure without authentic purpose, which explains his dissatisfaction despite having clear direction.&lt;/p&gt;&lt;p&gt;&lt;strong&gt;Why other answers are incorrect:&lt;/strong&gt;&lt;/p&gt;&lt;ul&gt;&lt;li&gt;&lt;strong&gt;A:&lt;/strong&gt; Too simple. Purpose quality depends on self-concordance, not just having direction.&lt;/li&gt;&lt;li&gt;&lt;strong&gt;C:&lt;/strong&gt; Research shows obligations can be stressful when not freely chosen.&lt;/li&gt;&lt;li&gt;&lt;strong&gt;D:&lt;/strong&gt; Purpose CAN develop even in difficult circumstances, but imposed obligations aren&amp;#39;t the same as authentic purpose.&lt;/li&gt;&lt;/ul&gt;</mattext>
            </material>
          </flow_mat>
        </itemfeedback>
      </item>
      <item ident="q2_b89f00dd" title="Question 2">
        <itemmetadata>
          <qtimetadata>
            <qtimetadatafield>
              <fieldlabel>question_type</fieldlabel>
              <fieldentry>multiple_choice_question</fieldentry>
            </qtimetadatafield>
            <qtimetadatafield>
              <fieldlabel>points_possible</fieldlabel>
              <fieldentry>10</fieldentry>
            </qtimetadatafield>
            <qtimetadatafield>
              <fieldlabel>assessment_question_identifierref</fieldlabel>
              <fieldentry>q2_b89f00dd</fieldentry>
            </qtimetadatafield>
          </qtimetadata>
        </itemmetadata>
        <presentation>
          <material>
            <mattext texttype="text/html">&lt;p&gt;Gilbert&amp;#39;s affair with Betty Carver appears to serve a psychological function. According to emotion differentiation research (Kashdan et al., 2015), what does the affair reveal about Gilbert&amp;#39;s emotional processing?&lt;/p&gt;</mattext>
          </material>
          <response_lid ident="response_q2_b89f00dd" rcardinality="Single">
            <render_choice>
              <response_label ident="A">
                <material>
                  <mattext texttype="text/html">&lt;p&gt;High differentiation enabling strategic mood repair&lt;/p&gt;</mattext>
                </material>
              </response_label>
              <response_label ident="B">
                <material>
                  <mattext texttype="text/html">&lt;p&gt;Low differentiation - seeking stimulation to escape undifferentiated negative affect rather than addressing specific emotions&lt;/p&gt;</mattext>
                </material>
              </response_label>
              <response_label ident="C">
                <material>
                  <mattext texttype="text/html">&lt;p&gt;Successful compartmentalization of life domains&lt;/p&gt;</mattext>
                </material>
              </response_label>
              <response_label ident="D">
                <material>
                  <mattext texttype="text/html">&lt;p&gt;Adaptive coping through distraction&lt;/p&gt;</mattext>
                </material>
              </response_label>
            </render_choice>
          </response_lid>
        </presentation>
        <resprocessing>
          <outcomes>
            <decvar maxvalue="100" minvalue="0" varname="SCORE" vartype="Decimal"/>
          </outcomes>
          <respcondition continue="No">
            <conditionvar>
              <varequal respident="response_q2_b89f00dd">B</varequal>
            </conditionvar>
            <setvar action="Set" varname="SCORE">100</setvar>
          </respcondition>
        </resprocessing>
        <itemfeedback ident="correct_fb_q2_b89f00dd">
          <flow_mat>
            <material>
              <mattext texttype="text/html">&lt;p&gt;&lt;strong&gt;Correct!&lt;/strong&gt;&lt;/p&gt;&lt;p&gt;Gilbert&amp;#39;s affair appears to serve an escape function - seeking excitement to avoid his mundane, trapped existence. But he&amp;#39;s not escaping a specific emotion; he&amp;#39;s escaping general malaise. Kashdan et al. show that low differentiators seek broad escape mechanisms rather than targeted solutions because they can&amp;#39;t identify what specifically is wrong. Gilbert can&amp;#39;t articulate his unhappiness precisely enough to address it, so he seeks global stimulation instead.&lt;/p&gt;</mattext>
            </material>
          </flow_mat>
        </itemfeedback>
        <itemfeedback ident="incorrect_fb_q2_b89f00dd">
          <flow_mat>
            <material>
              <mattext texttype="text/html">&lt;p&gt;&lt;strong&gt;The correct answer is B.&lt;/strong&gt;&lt;/p&gt;&lt;p&gt;Gilbert&amp;#39;s affair appears to serve an escape function - seeking excitement to avoid his mundane, trapped existence. But he&amp;#39;s not escaping a specific emotion; he&amp;#39;s escaping general malaise. Kashdan et al. show that low differentiators seek broad escape mechanisms rather than targeted solutions because they can&amp;#39;t identify what specifically is wrong. Gilbert can&amp;#39;t articulate his unhappiness precisely enough to address it, so he seeks global stimulation instead.&lt;/p&gt;&lt;p&gt;&lt;strong&gt;Why other answers are incorrect:&lt;/strong&gt;&lt;/p&gt;&lt;ul&gt;&lt;li&gt;&lt;strong&gt;A:&lt;/strong&gt; High differentiators would target specific emotions with specific strategies, not seek general escape.&lt;/li&gt;&lt;li&gt;&lt;strong&gt;C:&lt;/strong&gt; The affair creates complications that spill into other areas, suggesting failed compartmentalization.&lt;/li&gt;&lt;li&gt;&lt;strong&gt;D:&lt;/strong&gt; The affair creates more problems than it solves, suggesting maladaptive rather than adaptive coping.&lt;/li&gt;&lt;/ul&gt;</mattext>
            </material>
          </flow_mat>
        </itemfeedback>
      </item>
      <item ident="q3_e2702865" title="Question 3">
        <itemmetadata>
          <qtimetadata>
            <qtimetadatafield>
              <fieldlabel>question_type</fieldlabel>
              <fieldentry>multiple_choice_question</fieldentry>
            </qtimetadatafield>
            <qtimetadatafield>
              <fieldlabel>points_possible</fieldlabel>
              <fieldentry>10</fieldentry>
            </qtimetadatafield>
            <qtimetadatafield>
              <fieldlabel>assessment_question_identifierref</fieldlabel>
              <fieldentry>q3_e2702865</fieldentry>
            </qtimetadatafield>
          </qtimetadata>
        </itemmetadata>
        <presentation>
          <material>
            <mattext texttype="text/html">&lt;p&gt;Arnie&amp;#39;s intellectual disability is portrayed with specific behavioral characteristics (climbing the water tower, fixations, limited verbal ability). Which contemporary understanding would critique the film&amp;#39;s portrayal?&lt;/p&gt;</mattext>
          </material>
          <response_lid ident="response_q3_e2702865" rcardinality="Single">
            <render_choice>
              <response_label ident="A">
                <material>
                  <mattext texttype="text/html">&lt;p&gt;All portrayals of disability are inherently problematic&lt;/p&gt;</mattext>
                </material>
              </response_label>
              <response_label ident="B">
                <material>
                  <mattext texttype="text/html">&lt;p&gt;The actor should have had an intellectual disability&lt;/p&gt;</mattext>
                </material>
              </response_label>
              <response_label ident="C">
                <material>
                  <mattext texttype="text/html">&lt;p&gt;The film focuses on caregiver burden rather than Arnie&amp;#39;s inner experience, potentially reinforcing deficit-focused views of disability&lt;/p&gt;</mattext>
                </material>
              </response_label>
              <response_label ident="D">
                <material>
                  <mattext texttype="text/html">&lt;p&gt;Arnie is portrayed too positively&lt;/p&gt;</mattext>
                </material>
              </response_label>
            </render_choice>
          </response_lid>
        </presentation>
        <resprocessing>
          <outcomes>
            <decvar maxvalue="100" minvalue="0" varname="SCORE" vartype="Decimal"/>
          </outcomes>
          <respcondition continue="No">
            <conditionvar>
              <varequal respident="response_q3_e2702865">C</varequal>
            </conditionvar>
            <setvar action="Set" varname="SCORE">100</setvar>
          </respcondition>
        </resprocessing>
        <itemfeedback ident="correct_fb_q3_e2702865">
          <flow_mat>
            <material>
              <mattext texttype="text/html">&lt;p&gt;&lt;strong&gt;Correct!&lt;/strong&gt;&lt;/p&gt;&lt;p&gt;Contemporary disability scholarship critiques portrayals that focus primarily on how disability affects caregivers rather than the subjective experience of disabled individuals. The film centers Gilbert&amp;#39;s burden rather than Arnie&amp;#39;s inner life. We learn what Arnie DOES but rarely what he FEELS or THINKS. This perspective potentially reinforces deficit-focused views where disability is primarily understood as a burden rather than a different mode of existence.&lt;/p&gt;</mattext>
            </material>
          </flow_mat>
        </itemfeedback>
        <itemfeedback ident="incorrect_fb_q3_e2702865">
          <flow_mat>
            <material>
              <mattext texttype="text/html">&lt;p&gt;&lt;strong&gt;The correct answer is C.&lt;/strong&gt;&lt;/p&gt;&lt;p&gt;Contemporary disability scholarship critiques portrayals that focus primarily on how disability affects caregivers rather than the subjective experience of disabled individuals. The film centers Gilbert&amp;#39;s burden rather than Arnie&amp;#39;s inner life. We learn what Arnie DOES but rarely what he FEELS or THINKS. This perspective potentially reinforces deficit-focused views where disability is primarily understood as a burden rather than a different mode of existence.&lt;/p&gt;&lt;p&gt;&lt;strong&gt;Why other answers are incorrect:&lt;/strong&gt;&lt;/p&gt;&lt;ul&gt;&lt;li&gt;&lt;strong&gt;A:&lt;/strong&gt; Too absolute. Good disability portrayals exist and are important.&lt;/li&gt;&lt;li&gt;&lt;strong&gt;B:&lt;/strong&gt; A valid critique but not the CENTRAL contemporary concern addressed here.&lt;/li&gt;&lt;li&gt;&lt;strong&gt;D:&lt;/strong&gt; Arnie&amp;#39;s portrayal includes challenging behaviors; the critique isn&amp;#39;t about positive vs. negative.&lt;/li&gt;&lt;/ul&gt;</mattext>
            </material>
          </flow_mat>
        </itemfeedback>
      </item>
      <item ident="q4_132d80f7" title="Question 4">
        <itemmetadata>
          <qtimetadata>
            <qtimetadatafield>
              <fieldlabel>question_type</fieldlabel>
              <fieldentry>multiple_choice_question</fieldentry>
            </qtimetadatafield>
            <qtimetadatafield>
              <fieldlabel>points_possible</fieldlabel>
              <fieldentry>10</fieldentry>
            </qtimetadatafield>
            <qtimetadatafield>
              <fieldlabel>assessment_question_identifierref</fieldlabel>
              <fieldentry>q4_132d80f7</fieldentry>
            </qtimetadatafield>
          </qtimetadata>
        </itemmetadata>
        <presentation>
          <material>
            <mattext texttype="text/html">&lt;p&gt;Gilbert&amp;#39;s mother has become housebound due to obesity following her husband&amp;#39;s suicide. According to Gross (2015), her withdrawal represents which emotion regulation pattern?&lt;/p&gt;</mattext>
          </material>
          <response_lid ident="response_q4_132d80f7" rcardinality="Single">
            <render_choice>
              <response_label ident="A">
                <material>
                  <mattext texttype="text/html">&lt;p&gt;Healthy situation selection avoiding triggers&lt;/p&gt;</mattext>
                </material>
              </response_label>
              <response_label ident="B">
                <material>
                  <mattext texttype="text/html">&lt;p&gt;Maladaptive situation selection - avoidance that provides short-term relief but maintains long-term dysfunction&lt;/p&gt;</mattext>
                </material>
              </response_label>
              <response_label ident="C">
                <material>
                  <mattext texttype="text/html">&lt;p&gt;Cognitive reappraisal of her circumstances&lt;/p&gt;</mattext>
                </material>
              </response_label>
              <response_label ident="D">
                <material>
                  <mattext texttype="text/html">&lt;p&gt;Expressive suppression of grief&lt;/p&gt;</mattext>
                </material>
              </response_label>
            </render_choice>
          </response_lid>
        </presentation>
        <resprocessing>
          <outcomes>
            <decvar maxvalue="100" minvalue="0" varname="SCORE" vartype="Decimal"/>
          </outcomes>
          <respcondition continue="No">
            <conditionvar>
              <varequal respident="response_q4_132d80f7">B</varequal>
            </conditionvar>
            <setvar action="Set" varname="SCORE">100</setvar>
          </respcondition>
        </resprocessing>
        <itemfeedback ident="correct_fb_q4_132d80f7">
          <flow_mat>
            <material>
              <mattext texttype="text/html">&lt;p&gt;&lt;strong&gt;Correct!&lt;/strong&gt;&lt;/p&gt;&lt;p&gt;Gross distinguishes adaptive from maladaptive situation selection. Bonnie Grape&amp;#39;s complete withdrawal from the world is situation selection taken to an extreme - she avoids ALL situations that might trigger emotional responses. This provides short-term relief (no confrontations, no judgments) but maintains her depression, obesity, and family dysfunction. She&amp;#39;s not selecting situations strategically; she&amp;#39;s eliminating situations entirely.&lt;/p&gt;</mattext>
            </material>
          </flow_mat>
        </itemfeedback>
        <itemfeedback ident="incorrect_fb_q4_132d80f7">
          <flow_mat>
            <material>
              <mattext texttype="text/html">&lt;p&gt;&lt;strong&gt;The correct answer is B.&lt;/strong&gt;&lt;/p&gt;&lt;p&gt;Gross distinguishes adaptive from maladaptive situation selection. Bonnie Grape&amp;#39;s complete withdrawal from the world is situation selection taken to an extreme - she avoids ALL situations that might trigger emotional responses. This provides short-term relief (no confrontations, no judgments) but maintains her depression, obesity, and family dysfunction. She&amp;#39;s not selecting situations strategically; she&amp;#39;s eliminating situations entirely.&lt;/p&gt;&lt;p&gt;&lt;strong&gt;Why other answers are incorrect:&lt;/strong&gt;&lt;/p&gt;&lt;ul&gt;&lt;li&gt;&lt;strong&gt;A:&lt;/strong&gt; The avoidance is so extreme it prevents necessary life functioning. This is clearly maladaptive.&lt;/li&gt;&lt;li&gt;&lt;strong&gt;C:&lt;/strong&gt; No evidence she&amp;#39;s reinterpreting her situation; she&amp;#39;s simply avoiding.&lt;/li&gt;&lt;li&gt;&lt;strong&gt;D:&lt;/strong&gt; Suppression involves inhibiting emotional expression. Bonnie isn&amp;#39;t suppressing emotion in interactions; she&amp;#39;s avoiding interactions entirely.&lt;/li&gt;&lt;/ul&gt;</mattext>
            </material>
          </flow_mat>
        </itemfeedback>
      </item>
      <item ident="q5_d4e61a90" title="Question 5">
        <itemmetadata>
          <qtimetadata>
            <qtimetadatafield>
              <fieldlabel>question_type</fieldlabel>
              <fieldentry>multiple_choice_question</fieldentry>
            </qtimetadatafield>
            <qtimetadatafield>
              <fieldlabel>points_possible</fieldlabel>
              <fieldentry>10</fieldentry>
            </qtimetadatafield>
            <qtimetadatafield>
              <fieldlabel>assessment_question_identifierref</fieldlabel>
              <fieldentry>q5_d4e61a90</fieldentry>
            </qtimetadatafield>
          </qtimetadata>
        </itemmetadata>
        <presentation>
          <material>
            <mattext texttype="text/html">&lt;p&gt;When Arnie accidentally hits their mother, she slaps him - her first physical act in years. According to research on emotion (Feldman Barrett et al., 2001), what does this moment reveal about the relationship between behavioral inhibition and emotional experience?&lt;/p&gt;</mattext>
          </material>
          <response_lid ident="response_q5_d4e61a90" rcardinality="Single">
            <render_choice>
              <response_label ident="A">
                <material>
                  <mattext texttype="text/html">&lt;p&gt;Suppressed emotions eventually disappear&lt;/p&gt;</mattext>
                </material>
              </response_label>
              <response_label ident="B">
                <material>
                  <mattext texttype="text/html">&lt;p&gt;Physical immobility eliminates emotional reactivity&lt;/p&gt;</mattext>
                </material>
              </response_label>
              <response_label ident="C">
                <material>
                  <mattext texttype="text/html">&lt;p&gt;Extreme suppression does not eliminate emotional capacity; intense provocation can overwhelm even long-standing inhibition&lt;/p&gt;</mattext>
                </material>
              </response_label>
              <response_label ident="D">
                <material>
                  <mattext texttype="text/html">&lt;p&gt;Maternal instinct overrides all other responses&lt;/p&gt;</mattext>
                </material>
              </response_label>
            </render_choice>
          </response_lid>
        </presentation>
        <resprocessing>
          <outcomes>
            <decvar maxvalue="100" minvalue="0" varname="SCORE" vartype="Decimal"/>
          </outcomes>
          <respcondition continue="No">
            <conditionvar>
              <varequal respident="response_q5_d4e61a90">C</varequal>
            </conditionvar>
            <setvar action="Set" varname="SCORE">100</setvar>
          </respcondition>
        </resprocessing>
        <itemfeedback ident="correct_fb_q5_d4e61a90">
          <flow_mat>
            <material>
              <mattext texttype="text/html">&lt;p&gt;&lt;strong&gt;Correct!&lt;/strong&gt;&lt;/p&gt;&lt;p&gt;Feldman Barrett et al.&amp;#39;s research shows that emotions remain even when not expressed or processed. Bonnie&amp;#39;s years of immobility didn&amp;#39;t eliminate her emotional capacity; it suppressed expression while emotions accumulated. The slap reveals that intense emotional provocation can break through even extreme, long-standing behavioral inhibition. The emotional response was always present; it just needed sufficient trigger to override the inhibition.&lt;/p&gt;</mattext>
            </material>
          </flow_mat>
        </itemfeedback>
        <itemfeedback ident="incorrect_fb_q5_d4e61a90">
          <flow_mat>
            <material>
              <mattext texttype="text/html">&lt;p&gt;&lt;strong&gt;The correct answer is C.&lt;/strong&gt;&lt;/p&gt;&lt;p&gt;Feldman Barrett et al.&amp;#39;s research shows that emotions remain even when not expressed or processed. Bonnie&amp;#39;s years of immobility didn&amp;#39;t eliminate her emotional capacity; it suppressed expression while emotions accumulated. The slap reveals that intense emotional provocation can break through even extreme, long-standing behavioral inhibition. The emotional response was always present; it just needed sufficient trigger to override the inhibition.&lt;/p&gt;&lt;p&gt;&lt;strong&gt;Why other answers are incorrect:&lt;/strong&gt;&lt;/p&gt;&lt;ul&gt;&lt;li&gt;&lt;strong&gt;A:&lt;/strong&gt; This is what the moment CONTRADICTS. If suppression eliminated emotions, she couldn&amp;#39;t have reacted.&lt;/li&gt;&lt;li&gt;&lt;strong&gt;B:&lt;/strong&gt; The slap proves this false. Immobility suppressed but didn&amp;#39;t eliminate emotional reactivity.&lt;/li&gt;&lt;li&gt;&lt;strong&gt;D:&lt;/strong&gt; This doesn&amp;#39;t explain the mechanism. The question is about behavioral inhibition and emotional experience, not maternal instinct specifically.&lt;/li&gt;&lt;/ul&gt;</mattext>
            </material>
          </flow_mat>
        </itemfeedback>
      </item>
    </section>
  </assessment>
</questestinterop>
