<?xml version="1.0" ?>
<questestinterop xmlns="http://www.imsglobal.org/xsd/ims_qtiasiv1p2">
  <assessment ident="quiz4_81efd35a" title="Quiz 4: North by Northwest">
    <qtimetadata>
      <qtimetadatafield>
        <fieldlabel>qmd_timelimit</fieldlabel>
        <fieldentry/>
      </qtimetadatafield>
      <qtimetadatafield>
        <fieldlabel>cc_maxattempts</fieldlabel>
        <fieldentry>1</fieldentry>
      </qtimetadatafield>
    </qtimetadata>
    <section ident="section_quiz4_81efd35a">
      <item ident="q1_cd670616" title="Question 1">
        <itemmetadata>
          <qtimetadata>
            <qtimetadatafield>
              <fieldlabel>question_type</fieldlabel>
              <fieldentry>multiple_choice_question</fieldentry>
            </qtimetadatafield>
            <qtimetadatafield>
              <fieldlabel>points_possible</fieldlabel>
              <fieldentry>10</fieldentry>
            </qtimetadatafield>
            <qtimetadatafield>
              <fieldlabel>assessment_question_identifierref</fieldlabel>
              <fieldentry>q1_cd670616</fieldentry>
            </qtimetadatafield>
          </qtimetadata>
        </itemmetadata>
        <presentation>
          <material>
            <mattext texttype="text/html">&lt;p&gt;Roger Thornhill&amp;#39;s mother dismisses his claims about being kidnapped and nearly killed, even when presented with evidence. According to Matthews (2005), why might her &amp;quot;irrational&amp;quot; skepticism actually represent reasonable inference?&lt;/p&gt;</mattext>
          </material>
          <response_lid ident="response_q1_cd670616" rcardinality="Single">
            <render_choice>
              <response_label ident="A">
                <material>
                  <mattext texttype="text/html">&lt;p&gt;Maternal instinct overrides logical evaluation&lt;/p&gt;</mattext>
                </material>
              </response_label>
              <response_label ident="B">
                <material>
                  <mattext texttype="text/html">&lt;p&gt;Given base rates, a son&amp;#39;s fantastic story about spies is less probable than alternative explanations, making skepticism statistically defensible&lt;/p&gt;</mattext>
                </material>
              </response_label>
              <response_label ident="C">
                <material>
                  <mattext texttype="text/html">&lt;p&gt;Emotional attachment prevents objective assessment&lt;/p&gt;</mattext>
                </material>
              </response_label>
              <response_label ident="D">
                <material>
                  <mattext texttype="text/html">&lt;p&gt;Older adults are generally more skeptical of younger generations&lt;/p&gt;</mattext>
                </material>
              </response_label>
            </render_choice>
          </response_lid>
        </presentation>
        <resprocessing>
          <outcomes>
            <decvar maxvalue="100" minvalue="0" varname="SCORE" vartype="Decimal"/>
          </outcomes>
          <respcondition continue="No">
            <conditionvar>
              <varequal respident="response_q1_cd670616">B</varequal>
            </conditionvar>
            <setvar action="Set" varname="SCORE">100</setvar>
          </respcondition>
        </resprocessing>
        <itemfeedback ident="correct_fb_q1_cd670616">
          <flow_mat>
            <material>
              <mattext texttype="text/html">&lt;p&gt;&lt;strong&gt;Correct!&lt;/strong&gt;&lt;/p&gt;&lt;p&gt;Matthews&amp;#39; (2005) key argument is that seemingly &amp;quot;irrational&amp;quot; dismissal of weird evidence can actually be Bayesian-rational given prior probabilities. The base rate of advertising executives being kidnapped by foreign spies is extremely low. The base rate of sons exaggerating, being drunk, or seeking attention is much higher. Given these priors, skepticism about the spy story is statistically defensible even when some evidence supports it.&lt;/p&gt;</mattext>
            </material>
          </flow_mat>
        </itemfeedback>
        <itemfeedback ident="incorrect_fb_q1_cd670616">
          <flow_mat>
            <material>
              <mattext texttype="text/html">&lt;p&gt;&lt;strong&gt;The correct answer is B.&lt;/strong&gt;&lt;/p&gt;&lt;p&gt;Matthews&amp;#39; (2005) key argument is that seemingly &amp;quot;irrational&amp;quot; dismissal of weird evidence can actually be Bayesian-rational given prior probabilities. The base rate of advertising executives being kidnapped by foreign spies is extremely low. The base rate of sons exaggerating, being drunk, or seeking attention is much higher. Given these priors, skepticism about the spy story is statistically defensible even when some evidence supports it.&lt;/p&gt;&lt;p&gt;&lt;strong&gt;Why other answers are incorrect:&lt;/strong&gt;&lt;/p&gt;&lt;ul&gt;&lt;li&gt;&lt;strong&gt;A:&lt;/strong&gt; Vague appeal to instinct without psychological mechanism. Maternal instinct could equally predict believing or protecting the son.&lt;/li&gt;&lt;li&gt;&lt;strong&gt;C:&lt;/strong&gt; Could explain either belief OR disbelief. Doesn&amp;#39;t specify direction.&lt;/li&gt;&lt;li&gt;&lt;strong&gt;D:&lt;/strong&gt; No evidence for this claim, and his mother shows skepticism about THIS claim, not general skepticism.&lt;/li&gt;&lt;/ul&gt;</mattext>
            </material>
          </flow_mat>
        </itemfeedback>
      </item>
      <item ident="q2_99a6d1a4" title="Question 2">
        <itemmetadata>
          <qtimetadata>
            <qtimetadatafield>
              <fieldlabel>question_type</fieldlabel>
              <fieldentry>multiple_choice_question</fieldentry>
            </qtimetadatafield>
            <qtimetadatafield>
              <fieldlabel>points_possible</fieldlabel>
              <fieldentry>10</fieldentry>
            </qtimetadatafield>
            <qtimetadatafield>
              <fieldlabel>assessment_question_identifierref</fieldlabel>
              <fieldentry>q2_99a6d1a4</fieldentry>
            </qtimetadatafield>
          </qtimetadata>
        </itemmetadata>
        <presentation>
          <material>
            <mattext texttype="text/html">&lt;p&gt;Vandamm and his associates maintain the fiction of &amp;quot;George Kaplan&amp;quot; despite mounting evidence that Thornhill is not their target. This persistence demonstrates which cognitive phenomenon described in Boudry et al. (2015)?&lt;/p&gt;</mattext>
          </material>
          <response_lid ident="response_q2_99a6d1a4" rcardinality="Single">
            <render_choice>
              <response_label ident="A">
                <material>
                  <mattext texttype="text/html">&lt;p&gt;Sunk cost fallacy in decision-making&lt;/p&gt;</mattext>
                </material>
              </response_label>
              <response_label ident="B">
                <material>
                  <mattext texttype="text/html">&lt;p&gt;Motivated cognition that preserves a useful belief despite contradictory evidence&lt;/p&gt;</mattext>
                </material>
              </response_label>
              <response_label ident="C">
                <material>
                  <mattext texttype="text/html">&lt;p&gt;Fundamental attribution error in person perception&lt;/p&gt;</mattext>
                </material>
              </response_label>
              <response_label ident="D">
                <material>
                  <mattext texttype="text/html">&lt;p&gt;Availability heuristic in probability judgment&lt;/p&gt;</mattext>
                </material>
              </response_label>
            </render_choice>
          </response_lid>
        </presentation>
        <resprocessing>
          <outcomes>
            <decvar maxvalue="100" minvalue="0" varname="SCORE" vartype="Decimal"/>
          </outcomes>
          <respcondition continue="No">
            <conditionvar>
              <varequal respident="response_q2_99a6d1a4">B</varequal>
            </conditionvar>
            <setvar action="Set" varname="SCORE">100</setvar>
          </respcondition>
        </resprocessing>
        <itemfeedback ident="correct_fb_q2_99a6d1a4">
          <flow_mat>
            <material>
              <mattext texttype="text/html">&lt;p&gt;&lt;strong&gt;Correct!&lt;/strong&gt;&lt;/p&gt;&lt;p&gt;Vandamm&amp;#39;s belief that Thornhill is Kaplan serves his purposes - it provides a target for his counterintelligence efforts. Boudry et al. describe how useful beliefs are maintained through motivated cognition even when evidence contradicts them. Vandamm NEEDS a Kaplan to exist, so he interprets Thornhill&amp;#39;s denials as deception rather than truth. The belief&amp;#39;s utility drives its persistence.&lt;/p&gt;</mattext>
            </material>
          </flow_mat>
        </itemfeedback>
        <itemfeedback ident="incorrect_fb_q2_99a6d1a4">
          <flow_mat>
            <material>
              <mattext texttype="text/html">&lt;p&gt;&lt;strong&gt;The correct answer is B.&lt;/strong&gt;&lt;/p&gt;&lt;p&gt;Vandamm&amp;#39;s belief that Thornhill is Kaplan serves his purposes - it provides a target for his counterintelligence efforts. Boudry et al. describe how useful beliefs are maintained through motivated cognition even when evidence contradicts them. Vandamm NEEDS a Kaplan to exist, so he interprets Thornhill&amp;#39;s denials as deception rather than truth. The belief&amp;#39;s utility drives its persistence.&lt;/p&gt;&lt;p&gt;&lt;strong&gt;Why other answers are incorrect:&lt;/strong&gt;&lt;/p&gt;&lt;ul&gt;&lt;li&gt;&lt;strong&gt;A:&lt;/strong&gt; This would apply to continuing an action because of past investment. Vandamm&amp;#39;s belief persistence isn&amp;#39;t about sunk costs but about utility.&lt;/li&gt;&lt;li&gt;&lt;strong&gt;C:&lt;/strong&gt; This is about over-attributing behavior to personality vs. situation. Not directly relevant here.&lt;/li&gt;&lt;li&gt;&lt;strong&gt;D:&lt;/strong&gt; This is about judging probability by ease of recall. Vandamm&amp;#39;s persistence isn&amp;#39;t about probability judgment.&lt;/li&gt;&lt;/ul&gt;</mattext>
            </material>
          </flow_mat>
        </itemfeedback>
      </item>
      <item ident="q3_36555d68" title="Question 3">
        <itemmetadata>
          <qtimetadata>
            <qtimetadatafield>
              <fieldlabel>question_type</fieldlabel>
              <fieldentry>multiple_choice_question</fieldentry>
            </qtimetadatafield>
            <qtimetadatafield>
              <fieldlabel>points_possible</fieldlabel>
              <fieldentry>10</fieldentry>
            </qtimetadatafield>
            <qtimetadatafield>
              <fieldlabel>assessment_question_identifierref</fieldlabel>
              <fieldentry>q3_36555d68</fieldentry>
            </qtimetadatafield>
          </qtimetadata>
        </itemmetadata>
        <presentation>
          <material>
            <mattext texttype="text/html">&lt;p&gt;Eve Kendall operates as a triple agent, deceiving Thornhill, Vandamm, and (initially) the CIA. According to Vrij et al. (2019) on deception detection, why is she successful?&lt;/p&gt;</mattext>
          </material>
          <response_lid ident="response_q3_36555d68" rcardinality="Single">
            <render_choice>
              <response_label ident="A">
                <material>
                  <mattext texttype="text/html">&lt;p&gt;Women are inherently better at deception than men&lt;/p&gt;</mattext>
                </material>
              </response_label>
              <response_label ident="B">
                <material>
                  <mattext texttype="text/html">&lt;p&gt;Romantic contexts disable normal lie detection abilities&lt;/p&gt;</mattext>
                </material>
              </response_label>
              <response_label ident="C">
                <material>
                  <mattext texttype="text/html">&lt;p&gt;Nonverbal cues to deception are &amp;quot;faint and unreliable,&amp;quot; and people are mediocre lie detectors regardless of the deceiver&amp;#39;s characteristics&lt;/p&gt;</mattext>
                </material>
              </response_label>
              <response_label ident="D">
                <material>
                  <mattext texttype="text/html">&lt;p&gt;Trained agents develop unique physiological control over deception cues&lt;/p&gt;</mattext>
                </material>
              </response_label>
            </render_choice>
          </response_lid>
        </presentation>
        <resprocessing>
          <outcomes>
            <decvar maxvalue="100" minvalue="0" varname="SCORE" vartype="Decimal"/>
          </outcomes>
          <respcondition continue="No">
            <conditionvar>
              <varequal respident="response_q3_36555d68">C</varequal>
            </conditionvar>
            <setvar action="Set" varname="SCORE">100</setvar>
          </respcondition>
        </resprocessing>
        <itemfeedback ident="correct_fb_q3_36555d68">
          <flow_mat>
            <material>
              <mattext texttype="text/html">&lt;p&gt;&lt;strong&gt;Correct!&lt;/strong&gt;&lt;/p&gt;&lt;p&gt;Vrij et al.&amp;#39;s meta-analysis demonstrates that deception detection accuracy is typically near chance (54%) regardless of training, relationship, or deceiver characteristics. Eve succeeds not because of special skills but because everyone is bad at detecting lies. The &amp;quot;faint and unreliable&amp;quot; nature of deception cues means that confident, consistent lying is rarely detected - and Eve is both confident and consistent.&lt;/p&gt;</mattext>
            </material>
          </flow_mat>
        </itemfeedback>
        <itemfeedback ident="incorrect_fb_q3_36555d68">
          <flow_mat>
            <material>
              <mattext texttype="text/html">&lt;p&gt;&lt;strong&gt;The correct answer is C.&lt;/strong&gt;&lt;/p&gt;&lt;p&gt;Vrij et al.&amp;#39;s meta-analysis demonstrates that deception detection accuracy is typically near chance (54%) regardless of training, relationship, or deceiver characteristics. Eve succeeds not because of special skills but because everyone is bad at detecting lies. The &amp;quot;faint and unreliable&amp;quot; nature of deception cues means that confident, consistent lying is rarely detected - and Eve is both confident and consistent.&lt;/p&gt;&lt;p&gt;&lt;strong&gt;Why other answers are incorrect:&lt;/strong&gt;&lt;/p&gt;&lt;ul&gt;&lt;li&gt;&lt;strong&gt;A:&lt;/strong&gt; No evidence for sex differences in deception ability. This is a stereotype.&lt;/li&gt;&lt;li&gt;&lt;strong&gt;B:&lt;/strong&gt; Romantic contexts might INCREASE motivation to detect deception, though they don&amp;#39;t improve accuracy.&lt;/li&gt;&lt;li&gt;&lt;strong&gt;D:&lt;/strong&gt; The research shows training doesn&amp;#39;t significantly improve either deception OR detection. If there were controllable cues, training would help.&lt;/li&gt;&lt;/ul&gt;</mattext>
            </material>
          </flow_mat>
        </itemfeedback>
      </item>
      <item ident="q4_d8128789" title="Question 4">
        <itemmetadata>
          <qtimetadata>
            <qtimetadatafield>
              <fieldlabel>question_type</fieldlabel>
              <fieldentry>multiple_choice_question</fieldentry>
            </qtimetadatafield>
            <qtimetadatafield>
              <fieldlabel>points_possible</fieldlabel>
              <fieldentry>10</fieldentry>
            </qtimetadatafield>
            <qtimetadatafield>
              <fieldlabel>assessment_question_identifierref</fieldlabel>
              <fieldentry>q4_d8128789</fieldentry>
            </qtimetadatafield>
          </qtimetadata>
        </itemmetadata>
        <presentation>
          <material>
            <mattext texttype="text/html">&lt;p&gt;Thornhill transforms from a self-interested advertising executive to someone who risks his life for others. According to McKnight et al. (2025) on purpose and happiness, what is the most likely causal direction?&lt;/p&gt;</mattext>
          </material>
          <response_lid ident="response_q4_d8128789" rcardinality="Single">
            <render_choice>
              <response_label ident="A">
                <material>
                  <mattext texttype="text/html">&lt;p&gt;Finding purpose through helping Eve led to his increased positive affect&lt;/p&gt;</mattext>
                </material>
              </response_label>
              <response_label ident="B">
                <material>
                  <mattext texttype="text/html">&lt;p&gt;Positive emotional experiences with Eve may have preceded and facilitated his sense of purpose&lt;/p&gt;</mattext>
                </material>
              </response_label>
              <response_label ident="C">
                <material>
                  <mattext texttype="text/html">&lt;p&gt;Purpose and happiness developed simultaneously and independently&lt;/p&gt;</mattext>
                </material>
              </response_label>
              <response_label ident="D">
                <material>
                  <mattext texttype="text/html">&lt;p&gt;External threats eliminated his capacity for both purpose and happiness&lt;/p&gt;</mattext>
                </material>
              </response_label>
            </render_choice>
          </response_lid>
        </presentation>
        <resprocessing>
          <outcomes>
            <decvar maxvalue="100" minvalue="0" varname="SCORE" vartype="Decimal"/>
          </outcomes>
          <respcondition continue="No">
            <conditionvar>
              <varequal respident="response_q4_d8128789">B</varequal>
            </conditionvar>
            <setvar action="Set" varname="SCORE">100</setvar>
          </respcondition>
        </resprocessing>
        <itemfeedback ident="correct_fb_q4_d8128789">
          <flow_mat>
            <material>
              <mattext texttype="text/html">&lt;p&gt;&lt;strong&gt;Correct!&lt;/strong&gt;&lt;/p&gt;&lt;p&gt;McKnight et al. (2025) present evidence that happiness predicts subsequent purpose development, challenging the common assumption that purpose leads to happiness. In Thornhill&amp;#39;s case, his positive emotional experiences with Eve (attraction, excitement, connection) may have created the conditions that allowed purpose (protecting her, serving the mission) to develop. The happiness came first and enabled the purpose.&lt;/p&gt;</mattext>
            </material>
          </flow_mat>
        </itemfeedback>
        <itemfeedback ident="incorrect_fb_q4_d8128789">
          <flow_mat>
            <material>
              <mattext texttype="text/html">&lt;p&gt;&lt;strong&gt;The correct answer is B.&lt;/strong&gt;&lt;/p&gt;&lt;p&gt;McKnight et al. (2025) present evidence that happiness predicts subsequent purpose development, challenging the common assumption that purpose leads to happiness. In Thornhill&amp;#39;s case, his positive emotional experiences with Eve (attraction, excitement, connection) may have created the conditions that allowed purpose (protecting her, serving the mission) to develop. The happiness came first and enabled the purpose.&lt;/p&gt;&lt;p&gt;&lt;strong&gt;Why other answers are incorrect:&lt;/strong&gt;&lt;/p&gt;&lt;ul&gt;&lt;li&gt;&lt;strong&gt;A:&lt;/strong&gt; This is the reverse of what McKnight et al. (2025) found. While intuitively appealing, the research suggests the opposite causal direction.&lt;/li&gt;&lt;li&gt;&lt;strong&gt;C:&lt;/strong&gt; The research suggests they&amp;#39;re related, not independent. Simultaneous but unrelated development doesn&amp;#39;t match the evidence.&lt;/li&gt;&lt;li&gt;&lt;strong&gt;D:&lt;/strong&gt; Contradicts what we see in the film. Thornhill develops BOTH purpose and positive affect during the threatening adventure.&lt;/li&gt;&lt;/ul&gt;</mattext>
            </material>
          </flow_mat>
        </itemfeedback>
      </item>
      <item ident="q5_ddf88f1b" title="Question 5">
        <itemmetadata>
          <qtimetadata>
            <qtimetadatafield>
              <fieldlabel>question_type</fieldlabel>
              <fieldentry>multiple_choice_question</fieldentry>
            </qtimetadatafield>
            <qtimetadatafield>
              <fieldlabel>points_possible</fieldlabel>
              <fieldentry>10</fieldentry>
            </qtimetadatafield>
            <qtimetadatafield>
              <fieldlabel>assessment_question_identifierref</fieldlabel>
              <fieldentry>q5_ddf88f1b</fieldentry>
            </qtimetadatafield>
          </qtimetadata>
        </itemmetadata>
        <presentation>
          <material>
            <mattext texttype="text/html">&lt;p&gt;The film&amp;#39;s famous Mount Rushmore climax places the protagonists literally climbing over the faces of presidents. What psychological function does this setting serve according to research on emotion regulation (Gross, 2015)?&lt;/p&gt;</mattext>
          </material>
          <response_lid ident="response_q5_ddf88f1b" rcardinality="Single">
            <render_choice>
              <response_label ident="A">
                <material>
                  <mattext texttype="text/html">&lt;p&gt;Patriotic symbolism reduces viewer anxiety&lt;/p&gt;</mattext>
                </material>
              </response_label>
              <response_label ident="B">
                <material>
                  <mattext texttype="text/html">&lt;p&gt;Familiar landmarks provide cognitive anchoring&lt;/p&gt;</mattext>
                </material>
              </response_label>
              <response_label ident="C">
                <material>
                  <mattext texttype="text/html">&lt;p&gt;The iconic setting creates cognitive dissonance between safety associations and present danger, intensifying emotional response&lt;/p&gt;</mattext>
                </material>
              </response_label>
              <response_label ident="D">
                <material>
                  <mattext texttype="text/html">&lt;p&gt;Height phobia activation is universal across audiences&lt;/p&gt;</mattext>
                </material>
              </response_label>
            </render_choice>
          </response_lid>
        </presentation>
        <resprocessing>
          <outcomes>
            <decvar maxvalue="100" minvalue="0" varname="SCORE" vartype="Decimal"/>
          </outcomes>
          <respcondition continue="No">
            <conditionvar>
              <varequal respident="response_q5_ddf88f1b">C</varequal>
            </conditionvar>
            <setvar action="Set" varname="SCORE">100</setvar>
          </respcondition>
        </resprocessing>
        <itemfeedback ident="correct_fb_q5_ddf88f1b">
          <flow_mat>
            <material>
              <mattext texttype="text/html">&lt;p&gt;&lt;strong&gt;Correct!&lt;/strong&gt;&lt;/p&gt;&lt;p&gt;Gross&amp;#39;s framework emphasizes how cognitive appraisals shape emotional responses. Mount Rushmore is associated with American stability, patriotism, and monumental permanence - all &amp;quot;safe&amp;quot; associations. Placing mortal danger in this context creates dissonance: the setting says &amp;quot;safety&amp;quot; while the action says &amp;quot;danger.&amp;quot; This mismatch intensifies the emotional response because viewers cannot resolve the conflicting appraisals.&lt;/p&gt;</mattext>
            </material>
          </flow_mat>
        </itemfeedback>
        <itemfeedback ident="incorrect_fb_q5_ddf88f1b">
          <flow_mat>
            <material>
              <mattext texttype="text/html">&lt;p&gt;&lt;strong&gt;The correct answer is C.&lt;/strong&gt;&lt;/p&gt;&lt;p&gt;Gross&amp;#39;s framework emphasizes how cognitive appraisals shape emotional responses. Mount Rushmore is associated with American stability, patriotism, and monumental permanence - all &amp;quot;safe&amp;quot; associations. Placing mortal danger in this context creates dissonance: the setting says &amp;quot;safety&amp;quot; while the action says &amp;quot;danger.&amp;quot; This mismatch intensifies the emotional response because viewers cannot resolve the conflicting appraisals.&lt;/p&gt;&lt;p&gt;&lt;strong&gt;Why other answers are incorrect:&lt;/strong&gt;&lt;/p&gt;&lt;ul&gt;&lt;li&gt;&lt;strong&gt;A:&lt;/strong&gt; If anything, the setting might INCREASE anxiety by threatening a cherished national symbol.&lt;/li&gt;&lt;li&gt;&lt;strong&gt;B:&lt;/strong&gt; Too vague. Doesn&amp;#39;t explain HOW the landmark affects emotional processing.&lt;/li&gt;&lt;li&gt;&lt;strong&gt;D:&lt;/strong&gt; Acrophobia isn&amp;#39;t universal, and this doesn&amp;#39;t explain why Mount Rushmore specifically intensifies the response.&lt;/li&gt;&lt;/ul&gt;</mattext>
            </material>
          </flow_mat>
        </itemfeedback>
      </item>
    </section>
  </assessment>
</questestinterop>
